7000,X,-,1,2,2,6,2,5,6,1,5,1,4,3,4,2,5,1,8,0,-
7001,0,/,4,2,2,/,4,/,0,8,8,0,6,0,7,0,5,4,X,8,0
7002,0,6,2,1,4,2,2,2,6,3,4,3,4,/,6,/,2,4,X,8,0
7003,9,/,1,1,8,1,3,6,5,2,5,0,6,1,5,4,X,-,6,1,-
7004,5,/,1,7,6,2,X,-,6,/,1,3,5,/,4,4,2,3,9,/,X
7005,0,0,9,0,6,3,1,8,7,2,3,5,5,/,4,0,9,/,1,2,-
7006,2,7,9,/,2,6,1,/,0,1,X,-,1,7,6,/,6,/,3,5,-
7007,5,1,3,4,X,-,8,0,X,-,X,-,6,/,1,0,9,/,7,2,-
7008,X,-,3,5,7,2,3,5,2,7,0,4,7,/,9,/,0,2,X,2,0
7009,3,6,0,5,3,6,3,6,4,/,4,/,7,1,7,/,6,2,5,3,-
7010,X,-,4,1,4,0,2,4,8,/,6,3,8,/,3,/,9,0,1,1,-
7011,9,/,1,7,1,2,0,6,1,1,8,1,X,-,3,6,9,/,0,7,-
7012,9,0,7,1,4,3,7,2,9,0,X,-,1,/,5,3,0,7,2,1,-
7013,4,4,7,1,1,/,2,0,X,-,1,5,1,1,9,/,3,3,9,0,-
7014,0,0,5,0,5,/,5,2,4,3,7,0,5,/,3,/,1,8,4,0,-
7015,1,6,8,1,5,3,1,/,4,4,7,2,0,4,4,3,3,0,8,0,-
7016,3,4,1,2,X,-,5,4,9,/,4,5,9,0,3,3,7,0,9,0,-
7017,4,1,2,3,8,0,5,1,7,1,7,0,6,0,1,1,1,4,0,5,-
7018,0,5,4,2,9,0,7,/,2,5,2,6,9,/,7,2,8,/,2,7,-
7019,8,0,0,7,9,/,5,4,0,6,7,/,6,0,4,3,2,2,7,0,-
7020,4,0,4,0,2,5,0,5,7,0,2,0,0,0,5,4,6,2,4,1,-
7021,X,-,3,/,5,4,0,2,5,3,1,5,9,/,8,0,5,/,5,0,-
7022,8,/,8,0,4,4,3,2,6,0,3,/,X,-,X,-,3,1,2,4,-
7023,1,7,7,2,7,1,X,-,6,3,6,1,8,0,3,5,8,1,5,3,-
7024,1,6,6,/,7,1,6,2,3,/,3,5,1,3,8,/,5,3,0,8,-
7025,6,1,4,3,3,3,X,-,7,2,8,0,2,0,8,/,0,3,8,1,-
7026,X,-,X,-,8,0,8,0,0,6,4,4,4,2,6,1,9,/,0,1,-
7027,0,2,3,5,5,1,4,0,5,/,9,0,X,-,1,1,8,/,2,2,-
7028,X,-,6,/,1,8,6,/,X,-,7,2,7,1,6,/,X,-,2,/,9
7029,0,0,1,2,5,1,5,4,8,1,4,4,0,4,4,/,2,6,7,0,-
7030,8,1,1,6,X,-,5,0,8,/,6,/,0,6,9,0,X,-,9,0,-
7031,7,2,3,0,3,1,7,1,5,4,8,1,0,9,7,/,2,/,1,8,-
7032,5,0,4,5,8,/,9,0,9,/,4,1,X,-,2,3,9,0,4,1,-
7033,8,/,5,3,3,/,4,5,0,5,1,5,X,-,1,7,6,2,1,3,-
7034,5,1,X,-,9,0,6,0,5,4,2,4,X,-,6,2,4,1,6,1,-
7035,0,0,5,/,2,0,6,1,8,1,8,0,2,/,9,0,8,0,4,/,X
7036,0,/,8,1,1,/,0,1,5,/,X,-,4,5,4,3,9,/,1,6,-
7037,0,9,6,0,9,0,0,2,3,2,7,/,1,7,X,-,X,-,7,2,-
7038,0,6,4,/,5,3,X,-,4,5,9,0,2,5,9,0,X,-,1,4,-
7039,3,/,7,2,7,/,2,7,4,4,5,0,3,2,6,2,X,-,6,0,-
7040,5,1,0,6,6,/,X,-,X,-,1,4,3,5,1,6,6,0,0,5,-
7041,1,6,9,0,1,6,8,0,6,2,1,7,1,6,0,0,0,8,0,4,-
7042,X,-,3,/,X,-,5,2,9,0,4,4,3,1,1,6,7,1,1,0,-
7043,8,1,5,2,6,/,X,-,5,/,9,0,8,/,9,/,8,0,9,0,-
7044,6,/,6,2,3,2,7,/,6,0,2,7,7,2,2,5,7,/,0,0,-
7045,5,3,6,3,1,/,1,/,9,0,9,0,8,0,1,6,5,4,1,3,-
7046,8,0,8,1,6,2,X,-,0,/,7,/,2,0,9,/,2,5,0,5,-
7047,2,6,5,4,4,/,4,/,6,1,0,7,9,/,3,5,9,0,3,5,-
7048,5,0,2,5,7,2,7,2,7,/,5,0,X,-,0,2,4,2,1,7,-
7049,0,1,8,0,X,-,0,3,7,2,4,4,6,0,0,7,3,4,9,0,-
7050,7,/,9,/,8,0,0,2,9,/,1,6,2,2,0,3,6,0,6,3,-
7051,1,5,7,1,2,2,7,/,0,8,8,0,9,/,8,1,1,5,0,3,-
7052,9,/,9,0,2,0,6,2,5,3,7,0,7,2,7,1,2,7,2,2,-
7053,X,-,0,/,2,4,4,3,5,0,2,6,7,/,0,9,2,0,7,0,-
7054,X,-,7,/,4,0,0,3,0,0,6,/,5,2,3,/,0,4,2,3,-
7055,8,1,4,1,4,/,6,0,2,4,6,1,X,-,7,/,9,0,8,/,7
7056,9,/,4,5,1,8,1,2,6,/,1,7,7,1,5,0,6,/,8,0,-
7057,1,2,4,5,5,3,7,1,9,/,8,1,8,1,7,0,4,2,4,4,-
7058,X,-,0,6,0,1,1,0,X,-,3,3,0,7,6,0,7,0,0,3,-
7059,8,1,0,1,8,0,9,/,3,5,6,0,7,2,0,8,6,1,5,/,0
7060,X,-,1,0,8,1,X,-,4,5,3,1,2,0,X,-,7,/,X,4,0
7061,X,-,2,1,3,1,7,2,6,3,X,-,6,3,8,1,4,5,2,5,-
7062,4,2,1,5,1,1,4,3,2,1,9,0,8,0,0,7,7,0,8,1,-
7063,9,0,9,0,0,3,7,1,3,5,4,/,9,/,X,-,0,0,3,4,-
7064,6,2,9,0,1,1,6,2,3,5,5,1,8,1,6,0,4,4,1,3,-
7065,3,3,8,0,9,/,9,0,1,1,3,5,4,3,8,/,3,6,9,0,-
7066,6,0,3,2,5,0,7,2,2,6,0,0,8,0,4,3,4,3,2,4,-
7067,6,3,9,/,8,/,0,3,4,0,8,/,8,0,9,0,4,3,2,3,-
7068,1,8,4,2,X,-,3,/,4,2,8,1,7,1,2,/,2,1,2,5,-
7069,7,1,0,6,0,7,8,0,4,1,1,7,3,5,6,0,9,/,9,0,-
7070,5,1,3,/,4,0,6,/,8,0,6,2,3,0,7,2,7,2,7,2,-
7071,7,/,6,/,8,1,2,/,8,/,6,0,0,0,7,2,8,/,7,2,-
7072,5,2,9,0,7,0,7,/,X,-,7,1,2,6,7,2,7,2,X,5,5
7073,X,-,7,/,0,1,5,/,7,0,7,1,7,/,6,/,3,4,4,3,-
7074,2,0,1,5,7,1,1,1,2,2,6,0,3,6,6,0,9,0,1,8,-
7075,0,1,4,4,0,7,8,/,5,4,1,0,8,/,9,0,4,/,X,0,5
7076,5,/,0,1,9,0,2,4,2,5,8,/,5,2,X,-,1,4,X,6,0
7077,2,0,8,0,8,0,4,4,0,8,9,0,6,0,X,-,9,0,3,5,-
7078,5,0,6,0,9,0,8,0,9,0,7,1,4,0,0,0,X,-,1,4,-
7079,X,-,5,4,5,2,0,6,X,-,4,4,0,7,1,8,9,0,7,1,-
7080,3,1,4,0,4,/,6,2,4,0,9,0,X,-,7,2,7,0,4,5,-
7081,3,2,8,1,8,0,0,8,0,5,1,2,1,4,6,0,3,4,7,/,5
7082,5,/,3,2,7,1,4,2,0,8,9,0,6,2,4,/,0,1,0,/,2
7083,3,6,1,8,3,4,7,/,7,0,1,2,2,1,X,-,1,6,1,0,-
7084,0,7,6,1,8,/,7,0,4,3,4,5,6,/,9,/,8,0,7,0,-
7085,6,/,5,0,X,-,7,/,0,2,1,0,X,-,8,0,7,0,7,2,-
7086,8,/,3,6,1,1,9,0,4,3,4,2,2,2,8,/,9,0,3,6,-
7087,X,-,0,7,4,5,5,1,9,/,0,9,8,/,9,0,7,0,6,1,-
7088,X,-,8,/,9,0,5,0,8,/,9,/,7,/,2,1,3,3,X,4,2
7089,4,5,8,1,1,4,1,1,7,0,3,5,2,6,5,1,3,5,0,5,-
7090,6,/,9,0,8,/,5,2,0,0,3,0,8,0,7,0,1,3,5,3,-
7091,4,3,4,3,5,4,6,/,7,/,4,2,5,/,0,7,9,/,1,6,-
7092,2,4,1,/,6,/,X,-,0,0,4,4,2,6,0,6,4,4,2,4,-
7093,7,1,1,3,3,6,9,0,6,3,6,2,3,5,8,1,4,/,6,2,-
7094,6,2,4,3,2,7,6,1,2,6,4,0,5,/,8,1,9,0,6,1,-
7095,5,/,9,/,0,8,1,1,1,/,1,0,9,0,3,/,8,/,7,0,-
7096,2,0,7,1,3,5,1,7,8,1,6,0,3,2,4,3,3,6,0,4,-
7097,5,3,X,-,6,3,4,0,9,/,8,1,4,2,2,5,9,/,5,0,-
7098,6,2,7,1,9,0,0,2,6,0,4,0,6,0,9,/,1,2,3,3,-
7099,4,1,4,/,8,0,5,3,1,1,1,6,6,0,2,5,5,0,2,7,-
7100,8,/,9,0,5,1,8,/,3,1,4,1,6,3,4,/,0,7,7,2,-
7101,7,0,3,4,0,7,3,/,9,0,4,0,7,/,6,2,5,/,0,4,-
7102,7,0,2,3,0,4,5,0,2,7,X,-,1,3,3,2,X,-,0,5,-
7103,4,5,0,/,2,6,2,7,4,0,2,2,0,7,X,-,1,0,5,3,-
7104,9,/,4,0,5,1,5,2,0,1,8,1,4,4,3,4,9,0,3,1,-
7105,4,4,4,4,1,3,5,4,0,6,1,6,X,-,7,/,4,5,9,0,-
7106,7,1,6,3,9,/,3,6,X,-,X,-,9,/,X,-,1,1,5,4,-
7107,9,/,6,0,4,1,1,4,3,0,6,3,6,1,8,0,2,/,6,/,8
7108,4,1,0,1,0,8,6,/,6,3,0,4,7,/,1,0,2,6,5,/,9
7109,2,1,8,/,X,-,9,/,2,1,8,1,8,0,3,/,9,/,2,3,-
7110,2,5,4,/,3,4,X,-,X,-,8,1,6,1,X,-,5,/,X,0,3
7111,0,5,8,/,3,0,X,-,7,2,5,/,X,-,9,0,4,2,9,/,2
7112,9,0,8,0,1,5,3,6,3,3,1,7,6,0,7,1,8,/,1,0,-
7113,3,5,9,0,4,0,9,/,0,/,5,0,X,-,3,5,1,4,4,3,-
7114,9,/,4,5,3,6,8,0,0,8,9,/,1,7,X,-,7,0,5,0,-
7115,4,0,3,2,6,/,5,4,8,0,6,/,1,3,1,1,X,-,4,0,-
7116,5,4,1,8,4,5,3,2,X,-,6,1,5,0,1,7,8,0,5,2,-
7117,5,2,6,/,6,/,7,2,X,-,5,0,6,/,5,4,2,/,4,5,-
7118,7,2,5,/,6,2,5,2,7,0,0,3,6,2,4,2,9,0,5,0,-
7119,3,5,9,/,5,/,6,0,2,3,3,1,4,2,8,1,1,5,4,3,-
7120,9,/,7,1,2,4,6,0,3,1,8,1,5,/,9,0,7,1,8,0,-
7121,9,0,9,/,3,2,4,0,1,3,4,2,7,2,0,9,1,2,9,/,3
7122,8,/,3,6,8,1,7,1,9,/,5,4,8,0,7,1,X,-,2,2,-
7123,1,1,7,/,X,-,2,6,4,5,5,1,8,1,1,6,4,1,6,1,-
7124,X,-,0,4,X,-,7,0,5,4,5,2,7,1,2,3,4,1,2,4,-
7125,X,-,0,1,5,1,3,/,2,4,3,1,6,/,1,5,0,5,5,2,-
7126,1,8,7,/,8,1,6,0,0,/,8,/,4,4,2,1,0,8,6,1,-
7127,2,3,0,0,5,2,5,2,4,4,1,5,6,3,7,1,8,/,6,0,-
7128,3,1,5,3,9,/,5,3,5,/,4,1,9,/,8,0,7,2,4,/,1
7129,4,3,1,6,3,1,3,/,0,4,9,/,0,9,8,/,4,1,2,1,-
7130,7,2,X,-,6,1,X,-,1,0,0,8,0,3,8,1,2,6,9,0,-
7131,X,-,2,6,4,1,2,/,1,4,7,/,X,-,8,0,X,-,0,0,-
7132,0,/,9,0,3,/,1,3,9,0,8,0,2,2,9,/,X,-,8,0,-
7133,5,0,3,6,6,0,0,1,0,3,X,-,8,1,1,0,8,1,0,1,-
7134,9,/,5,0,1,1,8,0,6,2,6,/,9,0,0,7,3,6,2,6,-
7135,1,2,0,/,6,1,7,1,7,/,X,-,1,3,5,2,8,/,7,2,-
7136,7,2,2,4,8,1,3,5,7,0,6,0,X,-,X,-,X,-,5,2,-
7137,2,7,9,/,2,1,7,2,2,/,6,2,0,1,7,2,6,/,8,/,0
7138,7,/,3,6,X,-,1,3,8,0,8,/,1,5,7,2,6,2,8,0,-
7139,X,-,7,0,2,5,3,0,2,2,7,/,X,-,8,0,6,/,7,0,-
7140,5,1,9,0,1,3,4,1,X,-,7,/,6,3,1,0,7,/,3,5,-
7141,0,1,4,/,7,0,4,0,1,3,0,5,X,-,5,1,1,6,5,/,8
7142,9,/,3,5,6,/,4,1,4,5,0,9,4,5,1,4,4,/,1,5,-
7143,X,-,3,0,5,0,1,7,3,1,4,2,2,0,X,-,2,/,6,2,-
7144,5,/,0,0,8,0,6,/,1,/,4,/,1,/,X,-,4,/,7,0,-
7145,3,0,7,0,5,0,6,2,3,6,2,7,2,3,7,/,6,0,5,1,-
7146,6,3,2,/,3,3,5,4,X,-,5,1,4,2,4,1,5,1,9,0,-
7147,9,0,7,1,8,0,3,3,8,1,X,-,9,/,4,2,6,/,X,0,7
7148,0,7,9,0,8,0,1,/,2,7,7,0,4,/,2,5,1,4,7,0,-
7149,5,1,8,0,0,2,6,2,X,-,4,5,5,2,9,/,9,/,X,4,3
7150,4,0,3,/,X,-,6,0,0,0,2,/,7,2,X,-,9,0,7,2,-
7151,9,/,1,4,3,5,3,0,5,1,9,/,5,2,4,2,8,0,5,3,-
7152,8,1,8,0,1,0,X,-,9,/,4,/,X,-,X,-,2,7,6,3,-
7153,5,3,7,1,6,3,7,/,9,/,X,-,7,0,5,2,9,/,4,3,-
7154,3,4,3,4,3,1,8,/,X,-,1,2,5,3,0,0,9,0,1,8,-
7155,3,4,9,/,6,3,1,5,1,3,8,1,X,-,3,6,2,/,2,7,-
7156,0,9,X,-,4,0,6,2,X,-,2,5,4,1,2,5,9,0,5,0,-
7157,1,4,6,2,X,-,5,2,6,3,1,2,8,0,7,0,5,4,8,0,-
7158,4,3,7,2,7,1,3,4,X,-,4,3,9,0,8,1,6,0,0,8,-
7159,5,/,5,0,5,4,6,2,5,2,0,2,5,3,1,/,1,6,6,0,-
7160,3,5,X,-,4,2,1,8,1,5,X,-,5,1,6,3,X,-,5,2,-
7161,1,3,7,2,6,2,2,0,7,/,7,2,8,1,0,3,8,0,3,5,-
7162,3,2,6,0,8,1,5,4,2,5,9,0,X,-,2,7,0,2,8,/,X
7163,5,/,6,3,9,/,X,-,7,2,4,5,6,0,9,/,1,0,7,/,6
7164,5,4,7,1,0,2,1,3,0,8,4,4,6,/,2,/,8,/,5,3,-
7165,0,6,2,/,0,9,0,2,3,4,4,2,9,/,9,0,7,2,8,0,-
7166,3,1,6,/,3,0,X,-,3,1,6,3,3,2,9,0,5,1,8,/,6
7167,5,4,4,3,1,1,7,/,7,2,3,0,6,2,2,/,0,3,7,1,-
7168,X,-,1,/,3,1,X,-,0,/,0,1,8,1,8,/,0,/,1,4,-
7169,0,8,2,7,5,1,0,6,4,1,7,0,3,0,7,/,8,/,X,3,2
7170,5,/,2,4,9,0,4,2,8,0,0,0,9,/,X,-,3,3,4,2,-
7171,X,-,9,0,4,3,1,4,4,1,4,/,5,/,9,0,9,0,4,4,-
7172,9,/,1,3,2,5,X,-,7,0,8,0,3,/,6,2,4,2,7,/,2
7173,X,-,3,/,7,1,8,1,8,1,6,2,8,1,8,0,5,/,X,4,1
7174,X,-,X,-,9,/,8,/,2,0,2,0,0,7,1,8,2,7,5,1,-
7175,1,/,8,0,6,2,4,3,6,0,4,5,6,/,9,/,X,-,3,2,-
7176,1,4,5,2,X,-,5,3,2,5,0,7,2,0,4,1,2,0,9,0,-
7177,3,6,9,/,1,1,X,-,6,1,3,0,5,/,1,8,5,1,2,7,-
7178,4,/,6,0,4,4,0,4,3,4,6,2,1,0,0,9,3,5,8,1,-
7179,9,/,1,8,X,-,2,2,6,/,0,9,1,7,6,3,1,3,0,3,-
7180,5,0,3,6,3,5,8,0,3,5,0,6,8,0,3,5,5,4,0,/,X
7181,3,5,3,/,X,-,3,3,0,/,4,0,8,0,9,0,3,3,9,0,-
7182,1,3,8,1,2,/,2,0,5,1,4,/,7,1,2,6,3,/,1,6,-
7183,8,/,6,1,3,3,2,0,9,0,4,5,5,0,3,3,9,0,9,0,-
7184,5,0,0,4,0,2,0,2,2,6,5,2,X,-,3,/,7,0,5,4,-
7185,2,/,7,2,3,/,4,5,2,/,1,2,1,8,8,1,4,0,6,2,-
7186,9,/,2,1,4,3,X,-,1,3,8,/,2,1,0,7,0,8,X,5,2
7187,9,/,5,0,4,1,5,4,2,/,4,/,5,3,6,0,6,0,0,1,-
7188,2,/,3,3,7,2,9,0,7,1,6,/,2,1,X,-,2,1,6,3,-
7189,5,2,6,0,0,0,4,5,1,8,X,-,9,0,X,-,0,2,0,0,-
7190,4,3,5,0,X,-,0,5,4,0,8,1,X,-,3,4,5,4,8,/,4
7191,4,1,5,0,1,8,9,0,8,0,7,/,8,/,X,-,2,/,6,3,-
7192,9,0,4,0,6,0,8,0,3,4,7,1,0,6,8,0,0,8,0,6,-
7193,X,-,2,0,2,4,0,/,3,/,9,0,9,0,8,/,X,-,0,7,-
7194,1,1,9,/,6,3,6,/,9,0,9,/,8,0,8,1,6,3,2,7,-
7195,1,6,3,4,8,/,2,5,2,1,8,1,4,/,1,/,0,7,7,/,8
7196,8,/,4,/,9,/,6,1,2,3,3,0,8,1,6,2,5,3,9,/,9
7197,3,/,5,2,6,1,2,5,1,6,9,0,5,/,6,3,9,/,0,/,3
7198,3,3,1,6,0,7,8,0,2,/,1,2,0,1,1,0,5,3,4,5,-
7199,6,2,2,3,6,2,5,/,5,1,2,/,2,7,7,2,6,1,8,1,-
7200,5,0,7,0,3,4,3,6,0,8,0,9,8,/,8,0,3,6,7,2,-
7201,3,2,0,9,2,3,5,3,X,-,0,2,6,1,2,1,8,0,0,0,-
7202,6,1,9,/,6,1,7,2,5,2,4,3,2,3,0,1,1,4,8,1,-
7203,9,0,5,/,3,4,1,2,1,/,3,6,4,3,3,3,9,0,2,/,9
7204,1,/,8,0,7,1,6,2,3,1,3,/,5,2,0,7,7,/,7,/,4
7205,4,1,2,6,X,-,6,3,8,/,5,1,X,-,0,7,4,3,7,1,-
7206,5,2,4,1,0,/,7,1,5,1,8,/,2,/,9,/,5,/,8,0,-
7207,7,2,X,-,X,-,9,/,2,/,5,4,8,0,6,2,X,-,9,/,2
7208,1,2,X,-,7,2,9,0,X,-,9,0,3,3,0,0,1,/,7,/,9
7209,9,/,1,1,7,1,X,-,X,-,9,0,0,8,5,2,7,0,4,3,-
7210,7,2,3,2,9,0,5,4,X,-,4,5,3,1,3,1,6,2,8,/,X
7211,3,/,3,3,2,5,6,/,1,2,6,1,6,2,9,/,5,1,7,/,8
7212,X,-,4,0,1,0,6,0,1,3,0,5,3,/,9,/,2,7,1,2,-
7213,5,0,7,/,3,3,8,0,8,1,0,5,9,/,7,/,4,5,6,/,5
7214,6,2,8,/,2,0,3,3,7,1,1,/,X,-,X,-,X,-,1,0,-
7215,4,0,4,0,4,2,9,/,4,2,9,/,7,/,2,6,X,-,4,2,-
7216,4,1,0,0,2,7,5,1,3,/,8,/,2,2,9,/,X,-,X,4,2
7217,6,1,8,/,8,0,6,3,2,1,2,0,4,3,1,8,1,0,1,/,1
7218,0,4,3,6,8,1,2,6,X,-,6,0,7,1,X,-,7,2,2,5,-
7219,4,2,5,0,1,0,8,1,5,2,X,-,2,4,4,/,8,/,3,4,-
7220,8,/,2,3,9,0,X,-,7,/,7,2,0,7,9,/,2,/,1,5,-
7221,4,/,6,/,4,3,0,5,4,0,1,0,5,/,0,7,8,0,9,/,1
7222,3,5,5,/,4,1,7,1,7,2,6,/,7,2,5,0,9,/,2,5,-
7223,5,/,5,1,9,/,8,1,5,/,5,1,9,/,1,1,4,4,8,1,-
7224,4,0,1,6,X,-,9,/,6,/,8,0,7,0,5,1,0,/,7,2,-
7225,7,1,0,5,2,4,9,/,1,8,9,0,7,1,0,5,7,2,X,6,0
7226,7,/,5,4,1,5,9,0,1,6,7,2,5,1,7,2,5,3,5,1,-
7227,X,-,3,0,0,1,5,4,X,-,1,5,2,3,2,4,4,2,3,4,-
7228,9,0,7,/,2,3,6,2,8,1,0,2,9,0,9,0,7,2,1,4,-
7229,0,1,3,2,9,/,5,1,6,3,3,2,3,6,7,/,X,-,1,7,-
7230,8,/,7,/,7,/,4,0,1,6,4,0,7,/,X,-,2,/,4,1,-
7231,4,0,9,/,6,2,9,/,8,0,2,6,8,0,3,5,5,3,8,/,8
7232,9,0,2,5,0,6,5,/,X,-,4,4,5,3,5,2,X,-,5,2,-
7233,1,2,7,1,0,9,5,2,4,1,7,0,3,/,4,5,4,2,9,/,2
7234,3,/,8,/,2,6,2,0,6,2,7,2,X,-,4,4,3,4,X,2,8
7235,8,0,9,/,6,2,3,5,X,-,4,1,6,0,4,5,2,1,4,0,-
7236,3,5,9,/,X,-,7,/,2,3,5,/,6,1,8,0,0,/,7,2,-
7237,9,0,X,-,0,8,X,-,3,1,1,0,6,3,7,/,X,-,0,4,-
7238,2,/,6,/,3,4,3,2,8,1,5,3,5,4,6,2,9,/,2,5,-
7239,4,2,5,/,3,2,3,2,X,-,7,/,8,1,8,1,5,3,8,1,-
7240,8,0,8,/,5,2,5,2,8,0,3,3,3,3,4,/,3,2,7,0,-
7241,5,4,1,4,0,5,4,1,6,/,6,1,1,6,5,0,7,/,1,7,-
7242,5,2,6,3,4,1,3,1,9,0,5,1,2,3,X,-,5,4,6,/,3
7243,0,5,6,1,8,0,2,3,5,2,5,1,1,8,7,1,0,4,4,4,-
7244,4,3,5,0,7,1,8,0,7,1,8,/,3,4,7,0,6,3,1,7,-
7245,X,-,5,2,0,2,1,0,6,/,5,/,X,-,9,0,5,3,2,6,-
7246,4,0,8,0,1,5,3,3,5,2,4,2,3,3,8,0,4,0,1,5,-
7247,9,/,7,2,5,2,8,1,9,0,1,0,0,0,2,/,8,1,4,2,-
7248,1,2,1,6,6,2,9,0,6,1,5,1,9,/,1,8,0,2,X,7,1
7249,1,5,0,4,9,0,1,7,9,/,7,0,6,1,2,7,1,7,1,3,-
7250,3,5,8,/,5,/,3,3,7,2,0,3,2,4,7,/,0,7,6,0,-
7251,1,5,X,-,1,2,2,6,0,2,4,0,7,0,5,0,5,4,3,4,-
7252,7,2,7,1,8,1,5,3,5,1,8,0,5,2,X,-,3,6,4,0,-
7253,3,0,4,0,4,2,1,7,7,0,7,0,6,0,6,2,9,/,7,0,-
7254,1,3,9,/,3,4,9,0,1,/,4,0,9,/,9,/,2,6,8,1,-
7255,8,1,1,2,7,2,3,5,0,8,8,0,3,3,7,1,9,/,0,0,-
7256,9,0,1,7,X,-,5,2,2,7,0,2,4,5,9,/,7,1,9,0,-
7257,6,/,6,2,9,0,1,1,X,-,3,2,5,1,1,6,1,7,3,3,-
7258,9,/,8,1,1,2,4,4,9,0,3,3,5,3,5,0,0,5,4,0,-
7259,4,1,4,1,2,6,2,6,5,0,0,7,3,2,2,1,X,-,1,4,-
7260,3,1,9,0,3,2,1,3,5,1,7,1,7,1,3,5,X,-,3,0,-
7261,3,3,5,3,5,4,5,1,4,3,2,5,2,6,9,/,1,7,4,/,0
7262,4,/,5,1,X,-,9,0,5,0,1,3,3,0,X,-,2,6,4,4,-
7263,6,3,1,3,7,1,3,4,3,1,5,/,7,/,X,-,9,/,0,2,-
7264,7,2,9,/,7,0,9,/,X,-,5,/,2,4,6,/,4,0,4,2,-
7265,2,4,3,1,3,3,0,0,X,-,0,0,7,/,7,/,7,2,3,4,-
7266,4,1,7,1,1,3,1,1,5,1,9,/,9,/,8,0,6,0,2,5,-
7267,3,1,5,4,4,4,8,/,9,0,8,0,8,/,X,-,8,1,2,5,-
7268,X,-,0,7,3,4,9,/,X,-,3,1,9,0,6,1,2,4,2,0,-
7269,2,5,2,/,4,0,9,/,1,5,0,5,X,-,X,-,2,0,4,3,-
7270,1,/,0,1,0,5,3,4,0,0,7,/,7,1,7,1,5,0,6,3,-
7271,9,/,7,/,0,4,2,5,1,8,9,/,0,8,0,2,X,-,7,2,-
7272,X,-,1,5,X,-,3,6,X,-,1,0,6,1,X,-,5,0,8,/,1
7273,2,7,0,1,2,1,5,0,1,2,X,-,1,6,0,9,4,/,6,0,-
7274,3,0,8,0,9,0,6,3,3,3,4,/,6,3,6,1,1,4,5,4,-
7275,4,2,2,3,0,/,0,2,2,2,5,4,2,0,3,/,4,4,1,6,-
7276,0,9,2,2,6,0,5,1,5,3,4,1,9,/,0,0,4,/,1,1,-
7277,0,/,0,9,5,1,0,1,8,/,5,/,9,/,2,1,9,/,0,7,-
7278,9,0,0,9,8,0,8,0,X,-,2,6,8,1,2,7,4,0,5,0,-
7279,6,/,8,/,6,/,9,0,2,0,9,/,1,6,X,-,8,1,8,0,-
7280,6,2,X,-,X,-,5,4,4,5,6,/,6,1,X,-,4,2,8,/,2
7281,4,1,8,1,3,5,4,5,5,0,X,-,5,0,7,/,8,/,2,1,-
7282,3,0,4,/,7,2,4,1,4,3,4,3,6,1,2,2,8,/,0,7,-
7283,2,0,9,/,7,1,X,-,7,/,0,2,9,0,7,/,6,0,0,7,-
7284,5,2,6,2,2,0,8,1,2,6,2,2,X,-,7,1,9,0,7,/,8
7285,9,0,0,8,7,/,2,3,8,/,0,1,0,0,8,0,6,1,6,/,0
7286,7,2,9,0,8,0,7,1,8,1,1,4,2,2,3,0,7,/,4,2,-
7287,6,1,2,4,0,5,X,-,6,3,0,8,6,/,1,3,9,/,1,8,-
7288,0,6,9,0,8,/,6,/,7,/,0,7,7,0,7,0,3,2,5,1,-
7289,3,2,2,6,7,/,3,5,9,/,3,4,X,-,9,0,7,1,6,2,-
7290,6,2,3,0,3,5,3,/,8,/,6,3,3,4,X,-,2,6,X,5,1
7291,5,1,5,4,8,0,0,1,1,1,5,2,1,7,X,-,7,2,0,2,-
7292,8,1,3,0,3,6,0,1,5,4,7,1,0,4,2,2,1,/,9,/,1
7293,8,1,4,0,3,4,4,0,5,/,5,0,4,5,1,2,6,3,0,2,-
7294,7,0,2,7,1,3,5,2,8,/,8,1,9,/,9,0,5,0,4,1,-
7295,8,1,X,-,3,4,2,1,0,/,4,1,6,3,7,/,1,0,0,4,-
7296,2,5,2,1,6,3,0,/,8,0,7,0,X,-,3,6,6,2,7,0,-
7297,3,3,4,3,5,1,7,0,1,0,5,3,5,/,4,5,1,4,0,/,5
7298,3,6,6,0,2,7,2,/,1,7,0,6,2,5,0,1,0,/,6,3,-
7299,7,/,9,/,X,-,6,/,7,2,0,7,5,0,9,/,7,1,2,/,9
7300,3,6,0,7,3,2,2,2,4,1,5,1,0,/,8,1,0,9,9,0,-
7301,5,1,8,1,5,4,6,0,2,2,8,/,3,6,2,4,0,1,3,/,7
7302,6,2,4,2,6,2,2,3,X,-,2,3,X,-,6,2,0,/,4,4,-
7303,3,3,9,/,0,4,8,/,9,/,7,/,2,0,9,0,8,1,9,/,7
7304,7,2,9,/,8,1,1,7,2,5,8,1,7,/,8,1,5,0,6,2,-
7305,2,2,8,/,9,/,4,2,2,3,2,7,3,5,8,/,9,/,1,7,-
7306,3,5,4,3,5,4,6,3,2,2,7,0,6,3,9,/,7,1,2,6,-
7307,3,6,5,3,1,1,8,0,9,/,4,3,1,5,1,2,4,5,4,1,-
7308,0,6,8,/,X,-,4,2,4,4,2,1,7,/,X,-,5,3,5,0,-
7309,6,/,1,1,9,/,3,2,0,7,8,1,X,-,8,1,1,7,7,1,-
7310,4,0,5,3,1,8,3,0,3,1,9,0,3,5,5,/,9,0,6,1,-
7311,1,7,X,-,9,/,X,-,9,/,1,6,5,2,8,/,7,0,2,7,-
7312,8,/,9,/,6,0,3,/,1,/,6,/,9,/,X,-,7,0,X,7,3
7313,8,1,9,0,X,-,8,1,2,0,4,2,0,0,0,4,1,1,2,0,-
7314,6,3,5,1,X,-,5,2,7,0,0,8,3,0,2,5,1,5,2,4,-
7315,3,/,3,/,6,/,5,2,6,0,1,6,1,8,2,6,6,0,7,0,-
7316,X,-,6,1,4,1,1,3,1,2,5,3,2,1,9,0,0,2,3,3,-
7317,1,/,2,2,X,-,0,6,4,2,0,4,6,3,8,0,9,/,3,/,8
7318,1,1,2,4,4,4,6,2,4,3,5,/,1,2,5,0,1,8,4,4,-
7319,5,3,1,5,7,1,2,5,9,0,7,0,8,0,9,0,1,5,7,0,-
7320,9,/,6,2,5,/,3,4,6,0,1,/,5,1,5,0,5,/,X,8,1
7321,0,/,6,2,6,1,0,7,7,2,1,4,7,2,8,0,4,0,4,5,-
7322,1,/,0,2,4,4,1,3,1,0,4,/,X,-,0,0,7,0,6,0,-
7323,8,1,2,5,7,0,7,0,2,4,7,2,0,6,1,2,4,2,2,6,-
7324,3,2,0,2,0,5,X,-,9,0,8,1,X,-,5,3,1,6,0,3,-
7325,0,0,3,4,4,4,3,/,5,3,9,0,4,3,2,1,0,8,1,7,-
7326,X,-,2,4,1,5,5,2,4,0,4,1,2,6,0,9,2,3,X,X,9
7327,5,0,6,3,8,0,7,/,3,6,X,-,7,0,0,0,9,0,6,2,-
7328,4,3,7,1,9,/,1,4,0,6,8,0,1,8,X,-,5,2,7,0,-
7329,7,2,2,0,4,3,0,0,1,1,8,0,1,2,6,0,0,5,X,7,2
7330,9,0,0,6,9,0,1,7,8,0,4,2,6,2,3,2,9,/,8,/,2
7331,6,0,5,/,3,0,9,0,0,6,2,2,4,0,2,6,X,-,2,0,-
7332,7,1,7,0,7,1,X,-,7,/,2,3,8,/,4,3,2,4,4,0,-
7333,5,1,X,-,6,/,7,2,9,/,5,0,1,1,6,/,9,0,7,0,-
7334,0,8,5,1,4,2,0,8,9,0,1,3,0,/,8,0,4,/,8,1,-
7335,5,0,1,8,0,5,0,6,9,/,7,0,4,/,2,5,4,2,6,2,-
7336,6,2,X,-,1,5,3,0,5,/,3,2,6,1,4,1,8,/,9,0,-
7337,2,3,4,4,6,/,0,5,9,/,2,7,X,-,X,-,X,-,8,/,3
7338,4,4,9,/,3,/,9,0,9,0,2,0,2,4,9,/,3,4,3,5,-
7339,4,2,4,0,6,0,6,0,9,0,8,1,5,0,6,1,X,-,6,/,6
7340,3,1,9,/,7,/,0,4,5,2,9,0,5,/,1,4,3,4,6,/,4
7341,4,2,X,-,9,0,6,/,3,4,5,0,5,/,8,1,2,3,0,4,-
7342,9,/,8,0,5,/,6,3,5,0,0,3,3,1,9,0,3,5,X,6,0
7343,7,/,8,1,6,/,5,1,3,/,5,/,7,/,2,1,4,1,7,0,-
7344,8,1,3,4,5,2,1,7,1,4,9,0,7,1,6,3,3,/,0,9,-
7345,2,5,1,/,X,-,9,/,7,2,3,5,4,3,7,/,7,/,3,5,-
7346,1,4,7,1,5,1,X,-,4,4,4,0,0,8,X,-,0,1,1,7,-
7347,5,0,6,1,X,-,X,-,0,1,9,0,X,-,X,-,1,3,3,5,-
7348,4,5,2,3,6,1,8,/,X,-,9,0,2,6,1,3,9,/,5,1,-
7349,3,5,1,/,2,3,9,/,5,/,1,1,3,3,4,/,5,4,0,6,-
7350,5,1,9,0,5,3,9,0,1,3,7,0,9,0,7,2,0,1,4,2,-
7351,8,/,X,-,3,0,X,-,X,-,2,6,4,/,5,3,7,/,6,1,-
7352,1,4,0,6,9,/,1,0,9,/,X,-,4,4,5,1,5,4,7,1,-
7353,7,1,5,2,8,0,2,0,X,-,6,1,X,-,4,5,6,1,4,1,-
7354,8,1,4,5,9,0,8,0,8,1,9,0,6,/,6,0,4,4,1,2,-
7355,X,-,2,/,1,0,5,0,0,3,3,0,8,/,8,/,5,3,2,3,-
7356,9,0,6,/,4,2,7,/,9,0,2,3,0,5,3,/,9,/,8,0,-
7357,6,0,1,0,3,5,5,4,9,0,X,-,3,5,2,1,2,0,1,7,-
7358,8,1,1,2,2,0,6,2,5,2,3,4,3,3,2,/,3,2,7,0,-
7359,4,0,9,0,9,0,9,0,9,0,8,/,4,5,0,8,1,3,2,7,-
7360,X,-,4,2,8,1,6,/,1,/,6,0,2,1,X,-,X,-,9,0,-
7361,5,2,0,1,X,-,8,/,X,-,4,4,7,0,3,/,4,1,7,/,3
7362,2,7,8,0,5,/,9,/,8,0,X,-,3,5,X,-,0,/,7,0,-
7363,0,8,7,/,2,0,8,/,2,3,4,4,1,1,2,5,7,1,X,0,3
7364,6,1,6,2,6,2,7,1,1,3,X,-,6,1,X,-,7,/,0,8,-
7365,6,2,5,0,7,2,7,2,0,4,1,7,6,1,9,/,7,0,2,3,-
7366,1,5,3,3,6,3,8,0,1,3,X,-,7,2,4,5,6,0,3,3,-
7367,0,3,9,/,2,6,1,4,X,-,7,/,2,6,4,3,7,0,9,0,-
7368,7,0,2,3,2,2,X,-,2,0,1,5,9,0,5,0,5,4,X,0,3
7369,5,1,7,/,6,0,1,0,8,1,3,1,4,4,X,-,7,2,X,1,1
7370,4,5,2,3,7,0,X,-,0,8,1,3,7,0,0,5,5,0,4,3,-
7371,3,5,7,1,9,0,8,1,5,2,1,1,6,0,6,0,1,4,7,0,-
7372,4,3,6,/,8,1,3,6,7,1,2,5,X,-,3,2,2,1,7,1,-
7373,6,0,0,8,6,3,2,6,X,-,9,0,9,/,8,0,3,3,4,1,-
7374,5,4,6,3,9,0,5,4,0,6,6,2,X,-,2,4,4,3,5,/,X
7375,5,3,6,2,7,2,3,4,4,3,6,3,8,1,1,4,4,4,4,/,3
7376,3,4,9,0,4,5,0,0,8,1,8,0,9,0,5,0,3,1,8,1,-
7377,2,1,2,0,6,/,8,0,1,8,7,/,9,/,7,2,3,0,1,5,-
7378,1,8,5,/,3,1,1,/,6,3,4,/,4,3,1,8,X,-,0,4,-
7379,7,2,0,2,1,5,1,6,4,1,1,3,9,/,6,2,7,2,8,0,-
7380,X,-,9,/,7,/,1,0,6,0,3,6,4,4,9,/,0,0,8,1,-
7381,4,3,2,/,1,8,7,/,3,4,1,7,8,/,2,1,0,9,8,/,6
7382,1,5,2,7,3,3,5,/,4,2,2,4,7,0,6,/,7,0,9,/,3
7383,0,8,6,3,7,1,5,0,9,/,4,4,1,2,4,5,1,1,0,2,-
7384,9,0,9,/,X,-,X,-,4,2,4,0,4,4,3,6,1,2,8,0,-
7385,5,4,5,3,6,0,5,2,5,0,0,9,8,/,5,3,7,/,3,5,-
7386,4,3,8,1,3,2,9,0,X,-,0,8,2,1,5,3,5,1,0,4,-
7387,3,6,7,/,0,6,5,4,X,-,8,0,6,/,1,7,6,0,8,1,-
7388,5,/,0,8,4,5,7,0,3,1,X,-,0,3,X,-,7,1,0,5,-
7389,X,-,4,3,1,/,7,1,X,-,3,5,9,/,7,/,5,2,0,/,3
7390,0,5,4,3,5,4,5,2,7,1,9,/,2,7,0,3,1,0,7,2,-
7391,0,1,9,/,1,5,6,2,1,/,5,4,X,-,8,/,4,3,X,2,4
7392,X,-,1,5,5,2,6,3,5,2,8,0,1,8,2,7,5,0,9,/,8
7393,2,3,X,-,1,4,2,2,4,0,8,/,2,4,3,2,5,0,2,4,-
7394,0,0,3,1,1,1,3,/,4,/,5,0,3,3,5,1,3,6,4,/,X
7395,X,-,0,7,1,8,3,/,6,0,6,/,4,/,1,3,0,9,2,2,-
7396,5,/,5,3,5,0,2,5,4,3,5,/,6,3,4,0,8,/,8,1,-
7397,1,4,6,2,X,-,7,1,X,-,3,6,6,/,6,0,3,2,9,0,-
7398,1,5,5,2,4,5,8,/,3,4,8,1,9,/,8,1,X,-,2,0,-
7399,1,/,0,5,3,6,1,5,9,/,4,0,9,0,7,/,7,2,1,1,-
7400,2,5,X,-,7,2,0,8,6,3,X,-,X,-,3,3,7,2,8,0,-
7401,7,0,4,0,3,6,9,/,1,8,X,-,2,0,7,0,X,-,7,2,-
7402,8,0,6,/,2,7,7,1,9,0,X,-,8,1,4,4,5,4,3,0,-
7403,X,-,8,1,1,2,4,3,6,0,9,0,1,0,7,/,0,0,X,3,0
7404,3,0,9,0,1,0,0,1,8,0,8,/,9,/,7,/,9,0,9,0,-
7405,6,/,5,3,1,1,0,3,4,/,3,6,3,1,8,0,6,3,8,0,-
7406,8,1,5,/,4,0,2,5,7,0,5,3,4,5,0,1,6,/,0,/,5
7407,3,4,X,-,9,/,0,7,X,-,9,0,7,1,7,0,0,5,5,4,-
7408,2,2,2,4,X,-,0,6,7,0,X,-,5,4,4,2,3,3,8,0,-
7409,8,0,0,2,4,1,1,5,2,7,7,0,4,0,3,2,6,1,3,2,-
7410,7,0,X,-,9,0,2,1,0,5,8,1,2,/,1,/,4,1,7,/,9
7411,2,6,4,1,4,0,1,0,0,2,3,/,5,0,8,0,4,1,5,2,-
7412,5,4,0,5,9,0,9,0,1,/,1,2,9,0,2,4,6,0,3,6,-
7413,9,/,0,4,0,8,1,4,0,/,4,4,0,8,9,0,8,0,9,0,-
7414,9,/,X,-,5,2,1,6,3,4,X,-,7,0,6,0,3,0,9,0,-
7415,5,1,2,6,1,6,0,4,8,/,X,-,X,-,8,1,0,5,1,3,-
7416,6,3,9,/,7,1,5,2,3,6,6,1,6,/,0,7,4,/,X,5,2
7417,2,1,2,4,3,0,9,0,0,2,4,1,0,5,1,1,5,0,3,0,-
7418,3,3,8,/,X,-,2,/,8,/,0,5,X,-,0,1,2,7,7,2,-
7419,X,-,1,2,4,4,3,3,4,5,6,3,4,5,6,3,9,0,X,9,1
7420,7,2,4,5,9,0,X,-,2,6,3,6,X,-,8,1,3,5,1,2,-
7421,5,1,6,2,9,/,5,1,2,0,3,0,5,1,3,/,4,1,9,0,-
7422,2,/,6,1,X,-,1,0,1,2,X,-,9,/,7,2,2,0,0,9,-
7423,3,0,4,5,9,/,8,/,3,2,6,2,X,-,8,/,7,1,7,2,-
7424,X,-,1,/,6,0,8,1,3,/,7,/,9,/,9,0,8,0,1,3,-
7425,7,1,5,2,7,0,X,-,0,8,8,/,X,-,5,0,4,5,9,/,7
7426,8,1,3,2,6,0,8,0,5,2,9,/,1,2,0,2,3,5,8,1,-
7427,3,1,6,0,6,3,1,4,X,-,2,/,1,4,6,/,3,5,1,8,-
7428,8,/,8,/,X,-,8,/,X,-,0,7,5,/,6,2,1,7,X,5,3
7429,4,5,5,3,3,5,3,3,6,1,4,/,9,/,X,-,3,3,9,/,4
7430,6,3,3,0,4,3,8,1,9,0,6,3,2,/,5,2,7,/,3,5,-
7431,1,5,5,/,X,-,9,/,8,/,X,-,5,3,7,/,9,/,0,4,-
7432,6,2,6,0,2,2,9,0,5,/,X,-,0,3,2,3,8,1,X,1,8
7433,1,8,8,1,9,0,4,0,X,-,0,3,5,1,0,5,X,-,2,6,-
7434,6,3,0,2,8,0,7,1,X,-,1,/,7,2,8,0,X,-,4,4,-
7435,4,4,X,-,5,2,0,5,8,0,7,0,8,/,X,-,6,/,7,2,-
7436,4,2,5,1,9,0,7,0,3,4,4,0,7,1,X,-,3,4,0,3,-
7437,9,0,5,2,4,5,6,0,7,/,6,0,1,6,9,/,3,3,9,/,7
7438,5,/,8,1,8,0,5,2,8,1,9,/,7,0,8,0,8,0,4,4,-
7439,X,-,1,3,1,2,9,0,7,0,5,4,4,5,0,7,9,0,9,/,2
7440,X,-,X,-,4,/,2,0,8,1,4,2,2,1,1,1,1,5,X,0,3
7441,0,8,8,/,3,1,8,/,6,/,7,2,9,0,1,7,3,1,8,0,-
7442,8,/,2,1,4,5,7,2,7,/,0,8,0,7,4,/,6,3,3,5,-
7443,7,/,9,/,4,5,5,3,9,0,0,8,X,-,6,0,X,-,5,/,1
7444,2,6,9,/,9,/,8,1,7,/,1,6,4,2,X,-,0,8,3,/,9
7445,6,3,8,0,9,/,8,0,X,-,5,4,1,6,0,1,X,-,0,/,X
7446,6,0,0,1,4,1,5,0,5,1,5,1,7,0,2,7,1,0,2,6,-
7447,9,0,1,/,2,6,4,0,1,4,X,-,5,2,8,/,3,0,3,/,4
7448,2,2,5,0,4,/,0,2,4,3,0,0,7,1,5,0,4,1,5,/,X
7449,7,/,2,4,X,-,1,5,6,0,3,3,2,5,8,1,9,/,5,2,-
7450,3,0,9,/,6,1,2,/,4,5,5,0,5,3,0,5,7,/,X,2,6
7451,9,0,3,3,8,/,2,7,4,2,6,0,6,/,6,0,3,6,7,2,-
7452,4,2,4,0,4,/,4,/,X,-,X,-,2,0,7,0,1,2,9,/,1
7453,1,5,1,5,6,/,1,2,8,0,9,0,7,2,5,1,0,9,2,0,-
7454,4,3,2,3,4,0,0,5,9,/,X,-,7,1,9,/,8,1,0,3,-
7455,X,-,4,/,9,0,9,0,0,3,2,4,5,2,0,5,6,3,3,3,-
7456,1,1,X,-,9,0,2,/,1,3,8,0,2,0,0,0,3,0,0,6,-
7457,0,6,4,0,3,0,0,5,7,/,4,3,2,3,X,-,9,/,3,5,-
7458,0,6,5,1,2,0,X,-,X,-,8,/,8,/,2,1,5,3,6,2,-
7459,7,2,7,1,8,1,8,0,2,6,9,/,2,7,0,1,5,1,4,1,-
7460,1,3,7,2,5,0,5,3,7,1,8,1,3,0,3,5,8,/,1,4,-
7461,7,0,4,1,8,0,3,2,9,/,2,5,5,3,0,1,6,1,6,/,4
7462,8,/,7,/,8,0,1,7,4,3,2,6,X,-,8,/,8,/,3,0,-
7463,9,0,7,0,X,-,7,1,8,/,5,/,3,0,6,2,X,-,9,0,-
7464,X,-,7,2,5,1,6,3,8,1,6,0,7,/,X,-,4,0,2,2,-
7465,1,1,8,/,9,0,1,8,1,4,8,1,3,3,0,0,X,-,4,1,-
7466,2,1,X,-,2,6,3,4,5,0,3,/,8,0,5,0,1,8,0,0,-
7467,6,2,X,-,3,5,1,6,4,/,2,5,2,2,X,-,1,0,8,/,0
7468,5,0,5,3,9,/,4,3,1,2,X,-,4,2,6,/,5,2,X,9,0
7469,1,8,0,/,0,6,X,-,1,6,7,/,9,0,4,/,X,-,2,4,-
7470,4,3,7,/,2,/,X,-,4,0,4,5,5,0,3,6,9,/,0,9,-
7471,3,0,7,/,8,/,6,1,X,-,0,8,8,0,5,1,0,8,0,4,-
7472,9,0,2,/,7,2,7,1,6,1,0,0,3,3,8,/,7,/,5,3,-
7473,4,3,1,5,5,1,1,6,0,4,9,0,6,/,X,-,3,4,X,5,5
7474,8,0,X,-,3,4,6,1,X,-,8,0,5,1,9,/,X,-,7,/,7
7475,8,1,9,/,6,0,6,0,0,2,1,8,5,0,3,0,4,1,0,4,-
7476,5,4,2,5,4,/,1,2,2,7,9,/,X,-,3,4,0,8,7,1,-
7477,0,0,1,3,8,/,X,-,6,1,X,-,3,/,0,/,4,5,6,/,2
7478,9,/,1,0,5,2,1,8,4,2,0,2,0,8,4,/,2,7,4,5,-
7479,5,1,4,1,2,4,0,8,1,3,2,3,0,5,0,5,8,/,3,6,-
7480,X,-,5,1,X,-,4,4,5,/,2,0,3,1,4,1,0,2,7,0,-
7481,4,3,6,/,1,1,6,3,9,0,1,2,4,3,3,/,1,5,6,3,-
7482,3,5,2,4,2,6,3,5,X,-,7,/,0,/,9,/,8,0,6,1,-
7483,4,1,2,0,2,2,8,/,0,5,5,/,0,7,7,1,6,2,6,3,-
7484,6,2,0,7,2,1,9,0,1,1,8,/,3,2,0,1,5,4,3,6,-
7485,0,8,9,/,3,6,3,1,7,/,3,1,5,/,2,/,2,3,6,1,-
7486,6,3,0,7,3,3,6,3,X,-,0,1,1,8,X,-,6,0,X,4,6
7487,3,1,5,2,5,2,X,-,2,5,8,1,5,0,1,1,8,0,3,/,7
7488,9,0,9,/,1,2,8,/,6,0,8,0,6,0,6,1,9,0,5,2,-
7489,1,6,5,/,6,0,X,-,0,/,7,1,8,0,6,0,2,2,X,1,6
7490,7,0,5,/,4,3,4,1,X,-,4,0,7,1,1,4,6,3,3,0,-
7491,7,/,1,0,X,-,9,0,0,7,7,0,8,1,9,0,9,0,1,8,-
7492,1,6,8,/,2,3,0,5,2,2,2,1,4,2,3,/,1,4,6,1,-
7493,7,0,8,/,6,2,0,7,X,-,9,/,2,5,X,-,8,0,6,3,-
7494,8,1,X,-,4,5,X,-,8,1,0,0,1,5,0,6,5,1,3,5,-
7495,4,1,0,5,X,-,2,/,9,0,8,1,X,-,0,3,1,/,7,/,5
7496,1,7,4,/,2,/,3,1,8,1,X,-,2,5,6,0,0,8,5,0,-
7497,2,1,3,4,3,0,6,/,X,-,8,1,5,4,0,8,7,0,X,3,1
7498,0,9,6,0,X,-,9,0,6,0,6,0,5,1,9,0,5,/,8,1,-
7499,0,5,0,4,2,6,3,4,9,/,9,0,7,/,6,2,9,/,5,2,-
7500,6,1,6,2,5,1,4,4,2,7,7,1,X,-,4,2,9,0,7,0,-
7501,5,4,5,1,X,-,8,/,0,8,5,2,2,1,4,1,0,5,1,2,-
7502,1,8,5,3,5,1,X,-,4,0,6,0,8,1,1,4,9,/,2,6,-
7503,0,4,3,0,7,/,5,0,X,-,7,2,4,/,2,7,2,3,X,X,3
7504,4,1,5,1,0,2,0,4,7,/,1,8,7,/,3,3,0,2,7,1,-
7505,6,3,5,1,1,1,8,1,2,2,6,/,6,/,3,3,7,/,6,1,-
7506,7,2,8,0,0,3,3,/,X,-,9,/,0,9,3,/,1,/,9,/,9
7507,8,1,4,1,0,9,2,3,4,1,5,4,6,2,0,6,8,/,7,/,3
7508,1,7,3,3,4,/,1,/,4,0,9,/,X,-,X,-,4,3,3,/,2
7509,8,0,1,8,3,/,7,0,3,1,1,0,2,4,1,/,0,6,4,3,-
7510,8,1,0,/,6,0,X,-,4,0,5,4,4,5,8,1,5,4,3,1,-
7511,9,/,2,2,7,/,X,-,5,0,X,-,4,0,1,5,7,/,6,2,-
7512,5,4,0,5,2,2,0,4,2,5,0,/,5,4,1,4,6,0,7,1,-
7513,5,/,6,3,7,2,1,6,9,/,7,/,2,2,X,-,2,2,4,4,-
7514,4,/,X,-,2,5,X,-,8,0,7,1,5,/,X,-,X,-,1,8,-
7515,1,7,3,6,0,9,4,2,4,2,9,0,5,4,3,1,6,3,5,0,-
7516,2,2,7,1,7,/,2,6,7,2,2,5,5,3,1,5,1,3,4,4,-
7517,7,1,X,-,6,3,8,/,5,4,9,/,9,0,4,2,2,2,7,/,6
7518,6,2,8,0,4,4,5,0,9,0,4,3,1,7,3,5,1,1,7,1,-
7519,1,/,2,7,3,6,4,2,5,/,X,-,X,-,5,3,0,1,7,0,-
7520,5,0,X,-,X,-,7,/,5,0,6,0,4,5,7,0,1,1,2,5,-
7521,6,3,6,0,4,/,3,0,2,2,X,-,5,2,2,5,4,3,6,/,9
7522,8,/,6,3,8,/,0,/,0,5,9,0,3,6,0,1,0,8,3,0,-
7523,9,/,1,6,0,9,9,/,4,4,4,0,6,1,X,-,1,4,4,5,-
7524,5,3,0,9,X,-,X,-,0,9,8,1,1,2,0,0,3,4,6,3,-
7525,8,0,5,0,9,/,3,1,4,3,8,/,X,-,6,/,X,-,0,4,-
7526,9,0,9,0,X,-,6,3,9,/,8,1,5,1,X,-,2,5,X,3,7
7527,0,6,3,2,9,0,1,7,4,3,X,-,3,4,0,6,5,/,9,/,0
7528,4,/,8,/,3,/,6,2,3,6,4,5,1,2,9,0,5,3,6,1,-
7529,2,4,9,0,1,6,9,0,8,/,6,3,0,/,7,2,8,0,0,6,-
7530,6,1,9,0,2,7,1,6,2,0,3,4,7,1,X,-,1,2,3,1,-
7531,9,0,7,0,3,2,3,6,9,/,8,1,6,3,7,0,X,-,5,3,-
7532,4,4,3,2,2,2,2,0,1,1,1,1,1,5,3,1,6,3,X,6,1
7533,5,3,7,0,2,3,9,/,6,1,X,-,8,/,7,/,8,/,X,X,4
7534,1,1,X,-,7,1,3,6,0,/,3,3,7,/,2,0,4,4,5,4,-
7535,8,0,6,1,1,1,1,/,3,6,8,1,8,1,X,-,5,2,1,4,-
7536,5,0,6,1,1,1,1,6,2,1,8,0,2,3,8,1,2,6,5,1,-
7537,5,1,8,0,0,9,4,/,3,2,4,2,5,3,4,1,7,1,8,/,2
7538,9,/,8,0,8,/,1,1,1,1,3,4,7,1,7,0,2,0,4,2,-
7539,9,/,1,6,9,/,8,0,6,3,6,/,6,1,1,7,7,/,5,0,-
7540,2,5,1,4,7,2,2,5,6,2,0,4,4,/,7,2,X,-,3,6,-
7541,3,3,4,5,9,0,9,0,2,3,0,9,7,2,6,0,5,4,3,4,-
7542,5,2,4,/,6,1,5,0,7,2,0,5,0,3,3,2,X,-,2,1,-
7543,1,3,X,-,4,/,4,3,6,1,9,0,6,2,X,-,7,2,5,4,-
7544,8,/,6,1,6,1,0,8,4,5,8,0,2,5,0,6,4,4,3,0,-
7545,1,2,8,/,3,2,4,/,4,1,5,4,4,3,5,2,1,/,3,5,-
7546,4,0,6,/,0,/,0,9,X,-,9,/,1,7,7,/,9,/,4,3,-
7547,X,-,2,3,5,4,7,/,3,3,3,2,6,/,8,1,5,3,4,2,-
7548,6,0,6,0,6,3,9,0,5,/,3,5,7,0,X,-,4,2,0,0,-
7549,8,1,5,2,0,4,1,7,2,1,7,1,5,2,X,-,5,2,6,3,-
7550,4,5,1,2,5,3,8,1,1,2,3,3,3,5,1,3,2,2,3,2,-
7551,6,1,3,3,3,1,2,0,1,7,X,-,7,0,4,3,9,0,6,0,-
7552,X,-,6,3,5,3,1,6,5,/,X,-,8,0,8,/,X,-,X,7,1
7553,5,1,1,6,4,4,9,0,X,-,5,1,6,0,4,2,5,1,9,/,2
7554,3,0,0,1,7,/,4,0,2,7,2,2,3,1,6,2,2,6,9,0,-
7555,1,0,9,/,0,8,5,4,6,2,6,3,4,4,4,1,1,1,1,1,-
7556,6,3,X,-,X,-,4,2,5,2,7,1,2,0,1,7,3,/,X,5,2
7557,8,0,2,0,8,/,9,/,9,/,3,0,2,6,8,1,X,-,7,0,-
7558,X,-,8,1,9,0,X,-,X,-,9,0,5,2,2,2,1,/,6,/,9
7559,5,/,7,1,X,-,0,0,1,7,5,/,9,/,1,6,9,0,1,0,-
7560,6,1,6,3,6,1,6,3,X,-,3,/,7,0,7,1,3,4,0,/,9
7561,5,3,9,0,2,4,X,-,3,4,X,-,X,-,9,0,5,4,1,5,-
7562,X,-,X,-,X,-,3,3,X,-,X,-,5,1,6,/,7,2,3,3,-
7563,6,/,4,1,1,6,6,3,4,2,X,-,0,2,2,/,7,2,2,0,-
7564,7,1,X,-,9,/,3,1,2,/,4,0,1,7,3,5,8,0,9,0,-
7565,5,0,1,4,6,2,4,3,X,-,4,0,0,/,7,1,5,/,6,2,-
7566,5,1,3,/,3,3,2,/,8,/,4,5,4,1,9,/,5,0,8,1,-
7567,0,0,9,0,4,1,2,1,4,1,7,1,6,0,9,/,2,/,6,2,-
7568,6,3,3,1,X,-,4,0,4,4,X,-,8,/,X,-,0,8,7,1,-
7569,2,7,3,5,1,2,7,/,5,/,2,6,2,4,5,0,4,4,2,7,-
7570,X,-,5,1,1,2,0,/,0,0,5,1,2,1,7,1,9,0,3,1,-
7571,0,8,7,0,7,1,7,/,8,/,7,1,1,/,9,0,1,8,7,/,9
7572,8,1,5,2,5,/,9,0,2,2,9,/,0,9,5,2,4,0,1,6,-
7573,5,0,4,3,2,7,4,3,6,2,3,4,5,/,2,1,X,-,7,1,-
7574,1,/,1,4,7,2,4,5,3,6,X,-,3,3,3,5,9,0,8,0,-
7575,0,2,X,-,7,/,9,0,2,3,9,/,2,2,9,0,2,6,0,5,-
7576,4,1,9,0,3,4,0,8,4,3,9,0,3,5,4,3,6,3,6,3,-
7577,3,4,1,6,2,4,2,3,2,5,2,6,4,/,1,5,1,6,3,2,-
7578,1,0,7,0,0,8,2,0,3,2,2,5,1,8,9,0,7,0,8,0,-
7579,3,/,8,/,5,4,8,/,9,0,8,0,3,2,3,0,4,2,7,1,-
7580,1,4,5,0,4,0,2,3,9,/,4,5,9,/,X,-,1,1,5,0,-
7581,9,/,0,9,0,5,3,6,0,0,9,0,4,5,9,0,9,0,8,0,-
7582,5,/,6,3,7,0,0,3,8,/,7,/,0,0,8,0,7,/,9,0,-
7583,5,4,X,-,7,/,0,1,6,3,0,7,9,0,9,/,6,2,6,2,-
7584,8,/,7,2,1,8,8,/,0,6,0,4,4,3,6,3,7,0,5,0,-
7585,9,0,0,7,7,2,5,2,6,3,7,0,6,3,8,/,9,0,3,1,-
7586,3,4,X,-,9,0,9,/,X,-,2,3,7,/,7,1,5,/,1,3,-
7587,9,/,6,1,9,0,0,1,7,/,5,0,2,3,3,/,1,3,0,5,-
7588,1,6,7,0,7,2,6,/,9,0,7,1,0,6,3,5,0,8,1,1,-
7589,8,/,6,1,5,4,6,0,3,/,2,3,3,2,3,4,1,8,7,0,-
7590,0,7,X,-,1,1,3,5,6,3,9,0,1,8,7,0,8,/,8,0,-
7591,2,4,9,/,0,4,5,4,4,5,X,-,X,-,X,-,8,1,9,0,-
7592,5,2,0,1,1,7,6,3,0,5,8,/,6,/,2,5,7,0,9,0,-
7593,0,6,4,/,5,0,4,0,8,/,0,6,5,4,1,/,7,2,5,3,-
7594,4,0,0,6,4,5,0,5,8,0,3,2,7,/,6,0,6,3,3,5,-
7595,6,3,1,8,3,6,4,3,X,-,5,/,X,-,8,/,4,4,2,1,-
7596,9,0,6,2,1,7,4,4,5,1,0,9,X,-,7,0,6,/,X,2,6
7597,X,-,7,1,2,4,2,4,4,5,2,4,1,6,2,/,0,/,7,/,2
7598,9,0,2,6,4,1,0,7,7,0,7,0,4,1,4,4,5,3,X,X,5
7599,6,2,9,0,X,-,X,-,5,4,6,1,3,0,8,/,6,/,6,0,-
7600,8,/,0,6,7,2,5,4,9,0,0,6,8,/,0,6,6,1,8,1,-
7601,8,1,8,1,2,4,7,/,1,7,9,0,9,0,3,6,9,0,3,5,-
7602,5,4,0,0,1,2,X,-,2,3,8,0,5,3,X,-,3,0,6,0,-
7603,8,1,9,0,1,6,2,4,2,3,3,1,4,4,7,2,4,3,9,/,7
7604,5,2,5,1,4,4,4,3,5,2,9,/,6,1,5,3,8,1,7,0,-
7605,3,0,3,2,2,2,5,3,6,1,0,3,9,/,0,6,8,0,2,0,-
7606,1,8,0,0,3,4,0,/,0,8,9,/,6,0,7,0,7,/,3,5,-
7607,1,1,7,1,X,-,X,-,8,1,0,3,1,8,3,/,5,1,9,/,3
7608,5,1,0,9,3,/,2,6,7,1,6,0,X,-,X,-,4,0,X,6,0
7609,X,-,7,2,4,5,4,5,1,5,3,4,2,0,9,0,6,0,9,0,-
7610,1,8,6,1,4,2,6,0,8,1,8,1,6,0,2,0,5,4,3,0,-
7611,0,1,6,3,1,/,8,/,X,-,8,/,4,5,9,0,0,5,8,0,-
7612,X,-,X,-,X,-,6,/,3,2,0,0,6,/,1,0,0,4,9,/,X
7613,9,0,7,2,5,4,0,8,6,3,4,4,8,0,9,/,6,3,X,3,6
7614,8,1,3,1,7,/,3,2,8,0,9,/,4,5,3,1,6,/,6,1,-
7615,3,0,8,0,1,8,3,2,1,/,4,/,8,1,9,0,8,0,5,/,9
7616,3,1,9,0,6,0,6,1,1,1,5,2,4,3,4,3,6,3,0,9,-
7617,6,3,6,2,0,5,2,3,5,4,9,0,5,1,6,1,0,4,1,2,-
7618,5,2,X,-,1,/,2,1,4,3,3,2,0,4,8,/,1,1,9,0,-
7619,4,0,3,3,8,0,4,1,3,2,5,4,0,8,X,-,2,5,4,3,-
7620,7,2,3,3,0,3,3,5,0,0,6,3,1,2,5,1,1,7,5,3,-
7621,5,4,7,0,9,/,4,0,5,1,9,0,7,/,2,7,2,4,4,3,-
7622,5,1,1,/,2,4,9,/,5,3,0,0,1,6,7,2,2,2,9,/,7
7623,7,/,2,6,X,-,8,0,X,-,X,-,3,5,5,3,9,0,1,0,-
7624,8,0,8,1,2,5,8,/,4,2,3,0,4,0,4,5,0,7,3,6,-
7625,7,0,8,/,6,/,3,/,X,-,4,3,X,-,2,1,X,-,2,0,-
7626,4,5,9,/,3,/,3,/,X,-,6,/,2,6,2,2,7,2,X,6,0
7627,7,0,9,/,3,/,9,/,6,3,4,0,4,3,8,0,0,2,3,5,-
7628,6,/,5,1,1,0,4,2,7,/,7,1,2,2,5,0,0,9,2,/,6
7629,X,-,7,2,3,5,X,-,9,/,2,6,3,3,7,1,8,0,1,8,-
7630,7,0,7,1,5,4,5,2,3,/,3,5,0,3,7,/,7,0,X,2,5
7631,1,3,2,7,X,-,4,3,3,1,8,1,X,-,0,1,3,2,4,4,-
7632,3,2,6,3,7,/,5,0,1,7,6,/,3,/,1,4,7,0,2,6,-
7633,8,/,0,0,5,0,7,2,1,8,0,8,4,3,5,4,3,5,8,0,-
7634,6,2,9,0,0,1,1,0,8,/,0,0,3,5,9,/,5,1,1,3,-
7635,X,-,8,/,5,4,0,2,5,3,0,4,1,0,8,/,X,-,4,0,-
7636,1,6,6,/,7,1,5,2,5,3,3,6,4,2,4,/,2,2,6,0,-
7637,0,0,3,6,6,1,7,0,X,-,5,/,6,3,2,1,5,/,9,/,5
7638,0,6,3,0,0,6,2,/,2,2,5,2,2,3,4,0,X,-,1,4,-
7639,3,0,5,1,0,8,7,0,9,0,3,4,5,0,6,2,7,/,X,2,1
7640,7,1,1,6,6,1,6,/,7,1,2,6,6,3,3,4,6,3,2,7,-
7641,5,/,X,-,9,/,2,7,4,1,8,/,4,4,5,2,4,4,9,/,7
7642,3,1,3,1,1,6,2,/,1,8,7,2,4,0,0,0,7,1,8,1,-
7643,8,1,2,2,X,-,0,3,6,2,5,0,0,9,4,4,8,0,8,/,1
7644,6,/,2,1,7,/,2,0,4,5,2,7,4,4,X,-,5,3,2,0,-
7645,X,-,X,-,9,0,7,1,3,6,5,2,5,/,8,1,8,0,1,/,5
7646,5,3,3,2,9,0,4,2,5,1,6,3,0,1,5,2,7,2,X,8,1
7647,2,3,3,6,3,5,X,-,8,/,1,/,6,3,4,2,9,/,4,5,-
7648,4,5,9,0,9,0,4,/,X,-,8,1,8,1,7,0,0,2,6,0,-
7649,4,4,3,0,0,0,6,1,X,-,0,3,1,5,4,3,6,2,4,1,-
7650,1,3,9,0,X,-,2,0,X,-,1,8,3,1,X,-,2,1,0,4,-
7651,8,0,3,/,0,3,7,2,2,0,5,0,6,2,8,0,1,1,2,4,-
7652,0,3,0,2,9,/,4,2,3,5,9,/,9,0,8,0,X,-,6,3,-
7653,2,/,7,1,3,/,4,5,1,1,2,1,6,1,3,5,4,3,2,5,-
7654,9,0,7,0,2,3,8,0,8,1,9,/,6,2,9,/,8,0,X,6,1
7655,1,7,2,6,8,0,8,1,7,2,9,/,5,1,5,3,8,1,6,0,-
7656,6,3,7,2,6,/,1,3,5,2,9,0,2,7,2,/,2,6,X,3,5
7657,3,/,2,/,5,0,7,1,2,3,X,-,8,/,8,0,0,2,2,3,-
7658,9,0,4,2,3,/,8,1,X,-,X,-,3,5,7,1,2,3,0,3,-
7659,6,2,4,3,9,0,5,0,0,5,0,8,8,1,X,-,5,/,X,3,0
7660,4,2,0,6,5,1,6,2,2,4,4,0,5,1,4,/,9,0,5,4,-
7661,8,0,6,0,8,1,X,-,3,0,7,/,7,2,8,/,7,1,0,3,-
7662,4,4,5,/,1,3,0,8,7,1,3,4,9,0,6,2,X,-,9,0,-
7663,2,1,3,3,1,5,4,2,9,0,9,/,0,5,6,1,3,1,X,X,9
7664,3,2,7,0,7,1,4,0,7,1,2,5,1,7,2,4,4,5,5,4,-
7665,7,/,9,0,3,5,0,7,X,-,8,0,6,2,7,/,8,/,6,0,-
7666,2,1,5,0,3,0,3,3,6,2,4,0,4,/,6,/,X,-,6,/,3
7667,X,-,X,-,2,4,4,1,9,/,X,-,2,3,8,1,9,/,3,/,7
7668,7,1,7,2,6,0,2,1,1,7,3,3,X,-,4,5,9,0,5,4,-
7669,4,1,2,2,9,0,1,2,7,0,2,0,X,-,1,1,X,-,5,1,-
7670,1,0,4,5,3,1,9,/,7,/,0,6,0,8,2,5,3,5,1,0,-
7671,2,6,X,-,2,0,5,/,9,/,0,8,0,5,6,/,9,0,9,/,0
7672,0,0,4,3,X,-,X,-,7,/,9,/,2,2,6,0,7,/,0,8,-
7673,8,0,8,1,6,/,7,0,5,1,X,-,1,6,8,0,9,0,1,7,-
7674,X,-,0,/,3,6,8,/,0,3,5,4,5,3,8,/,8,0,8,1,-
7675,4,2,8,/,3,5,8,1,0,0,X,-,4,/,0,4,1,8,3,2,-
7676,8,1,3,/,5,1,9,0,4,3,4,3,3,2,7,1,7,1,0,2,-
7677,3,6,4,4,6,3,6,/,9,0,1,1,0,6,7,1,0,9,X,5,2
7678,7,/,4,2,9,0,4,4,9,0,3,2,X,-,X,-,6,3,X,4,2
7679,2,6,0,6,9,/,7,/,X,-,5,4,0,4,0,0,3,4,1,5,-
7680,6,1,1,2,9,0,0,5,6,0,5,3,1,0,6,1,7,/,5,4,-
7681,5,/,8,1,4,1,X,-,4,3,X,-,0,4,5,4,5,2,7,1,-
7682,3,0,4,5,1,1,7,1,2,/,3,0,0,8,3,6,7,0,3,0,-
7683,3,5,5,3,0,6,5,/,0,0,6,3,9,0,4,2,X,-,8,/,X
7684,8,0,1,8,2,1,1,3,4,2,9,/,6,2,2,2,4,/,1,3,-
7685,6,3,5,1,5,3,3,0,5,0,1,0,1,/,5,2,X,-,4,/,2
7686,4,1,7,0,2,3,8,1,8,/,5,3,5,0,7,1,4,1,1,0,-
7687,9,/,8,1,7,/,4,3,X,-,7,2,X,-,9,0,4,3,2,1,-
7688,6,/,5,0,7,/,9,/,7,/,4,4,8,1,1,0,X,-,8,/,2
7689,4,1,3,4,6,3,3,3,1,8,0,/,2,3,X,-,8,1,8,1,-
7690,8,0,7,2,2,2,2,1,8,/,8,1,8,1,0,5,1,8,9,/,1
7691,7,/,8,0,9,/,0,3,2,7,3,5,2,7,9,/,5,3,3,4,-
7692,3,3,0,6,X,-,0,7,3,4,2,3,9,0,0,4,0,7,X,0,0
7693,8,1,6,0,7,/,2,/,8,1,7,1,9,/,6,/,0,5,2,7,-
7694,4,2,4,1,8,/,0,2,0,5,7,1,2,6,7,1,4,1,9,0,-
7695,1,0,7,0,3,/,2,5,8,0,4,/,7,1,3,5,3,4,6,1,-
7696,1,7,5,3,8,0,3,3,2,2,1,3,7,2,7,2,8,/,9,/,4
7697,7,1,6,1,X,-,8,1,7,2,6,2,9,0,0,2,6,/,6,1,-
7698,2,2,6,2,3,3,7,/,4,/,6,1,4,/,0,4,6,/,0,8,-
7699,4,5,X,-,X,-,1,2,8,1,3,/,1,5,6,0,0,8,4,2,-
7700,9,/,5,0,6,3,X,-,6,1,9,/,5,0,9,0,2,2,6,0,-
7701,7,2,1,8,7,/,8,1,3,2,7,2,0,2,6,2,X,-,0,9,-
7702,9,0,2,0,9,/,2,6,1,0,2,4,9,0,2,0,8,0,6,1,-
7703,9,0,7,1,3,/,4,/,5,/,0,4,2,2,0,3,3,6,9,/,9
7704,7,/,5,/,2,6,5,4,9,0,4,/,0,8,2,/,3,0,3,/,0
7705,5,3,1,5,6,0,4,4,6,0,7,1,8,0,6,0,7,0,7,1,-
7706,8,1,2,6,2,4,2,0,7,1,6,2,7,1,2,/,1,3,5,0,-
7707,4,/,5,4,9,0,0,/,X,-,9,0,3,0,9,0,0,1,0,5,-
7708,7,/,6,0,3,2,2,3,3,1,4,3,1,7,1,0,7,2,4,4,-
7709,1,7,4,5,6,1,5,0,2,7,3,6,4,3,5,2,1,1,X,2,7
7710,9,0,3,3,4,4,4,5,9,0,8,0,9,0,8,/,X,-,6,1,-
7711,0,7,4,3,X,-,0,7,0,1,1,/,4,3,1,/,3,/,2,0,-
7712,5,/,9,/,6,3,1,8,3,2,6,2,7,0,2,6,9,/,8,0,-
7713,9,/,0,0,4,5,4,3,7,1,7,1,4,1,6,/,9,0,3,3,-
7714,4,2,4,5,5,2,8,1,1,1,3,1,X,-,0,7,8,/,5,2,-
7715,7,2,3,5,2,0,4,5,9,/,7,0,8,0,X,-,6,1,1,/,9
7716,5,0,0,5,3,5,4,4,4,0,4,3,X,-,1,1,5,1,5,3,-
7717,X,-,4,2,1,3,9,/,9,/,9,/,1,5,4,4,4,5,X,0,3
7718,X,-,2,5,6,1,8,1,6,2,0,/,1,4,X,-,5,/,0,/,6
7719,2,5,9,0,4,/,6,1,1,0,0,5,0,4,7,0,9,/,1,1,-
7720,0,0,1,6,9,0,6,0,1,7,X,-,4,5,3,3,5,2,1,0,-
7721,2,7,8,0,6,0,9,/,X,-,5,0,7,2,7,1,5,4,3,1,-
7722,8,1,5,/,1,8,7,1,7,2,9,/,6,1,5,0,7,1,7,0,-
7723,1,0,2,4,0,8,1,6,4,4,5,3,X,-,0,3,1,0,1,0,-
7724,6,0,4,4,8,0,3,4,7,/,9,0,6,1,0,8,6,2,8,0,-
7725,8,0,6,3,6,2,4,3,9,0,X,-,7,1,5,3,4,2,1,5,-
7726,8,1,4,/,7,0,7,1,9,0,2,/,X,-,4,1,1,3,5,3,-
7727,7,1,4,5,0,4,6,1,2,2,3,6,8,1,6,/,0,0,2,3,-
7728,9,0,5,/,8,0,9,0,7,1,9,/,5,3,6,2,7,/,4,2,-
7729,7,2,6,1,9,0,4,3,0,8,2,2,4,/,7,0,3,6,0,6,-
7730,9,0,X,-,5,1,0,2,3,4,8,0,0,8,6,2,0,2,3,4,-
7731,2,5,9,/,0,1,4,/,4,3,1,2,0,7,4,1,4,/,7,2,-
7732,5,3,8,/,4,/,0,/,0,5,7,/,8,/,2,7,5,3,6,0,-
7733,6,3,8,0,0,5,1,2,3,6,2,2,1,2,1,3,X,-,8,0,-
7734,5,4,7,1,7,0,7,0,0,4,7,1,8,0,7,/,9,0,5,1,-
7735,X,-,0,0,7,2,7,2,3,2,2,2,2,1,4,5,7,2,4,4,-
7736,3,2,X,-,1,2,8,0,X,-,5,0,2,5,5,/,3,1,6,1,-
7737,9,0,7,2,7,0,3,0,1,4,4,/,1,1,8,/,5,1,1,4,-
7738,7,/,5,0,5,1,0,5,9,/,X,-,2,7,7,0,9,/,5,4,-
7739,2,/,0,/,9,/,6,0,X,-,2,0,3,4,1,3,3,5,X,1,9
7740,5,0,9,/,1,1,4,1,5,2,5,1,5,2,8,1,5,/,6,3,-
7741,5,/,0,6,0,3,1,4,X,-,8,1,8,/,2,3,2,0,5,3,-
7742,9,/,6,2,7,2,2,/,1,3,5,/,X,-,6,1,0,9,6,1,-
7743,9,/,5,4,2,5,4,0,8,1,7,2,1,4,8,/,2,2,2,3,-
7744,6,1,9,0,1,4,5,0,1,6,0,6,5,3,6,3,X,-,4,2,-
7745,1,6,4,2,8,/,6,/,6,3,9,/,3,1,0,2,5,0,1,5,-
7746,5,/,5,2,1,3,5,/,7,1,X,-,9,0,0,0,X,-,3,5,-
7747,5,1,6,/,2,/,3,3,6,2,7,/,0,4,2,/,0,7,X,4,6
7748,4,5,2,/,9,0,8,1,5,/,9,/,1,4,8,0,X,-,4,5,-
7749,2,1,X,-,3,4,1,4,5,2,2,/,9,0,3,2,4,/,2,0,-
7750,4,3,7,1,3,0,1,4,4,0,5,4,7,1,8,1,8,1,6,0,-
7751,6,/,8,/,2,6,1,7,9,/,4,/,6,0,1,0,8,0,0,4,-
7752,6,0,X,-,3,1,5,1,7,/,2,1,6,0,7,1,6,1,9,/,2
7753,X,-,7,/,7,/,X,-,4,/,5,4,4,5,5,2,1,/,5,0,-
7754,0,1,5,3,3,5,5,3,8,0,3,1,9,0,X,-,9,/,4,3,-
7755,X,-,6,/,9,0,4,3,1,3,7,0,8,0,8,1,X,-,8,1,-
7756,X,-,6,1,6,2,8,1,2,2,2,4,3,6,9,0,9,/,9,/,X
7757,7,1,5,4,8,1,4,2,2,2,4,/,9,0,7,2,1,7,3,3,-
7758,3,4,1,8,0,3,X,-,X,-,2,6,4,1,7,1,5,1,5,0,-
7759,1,4,3,4,9,/,4,3,3,1,0,8,0,9,2,3,9,0,8,1,-
7760,9,0,1,6,3,5,2,/,1,6,1,5,6,3,5,2,8,1,1,6,-
7761,8,0,7,2,6,1,X,-,4,5,6,0,5,4,8,1,6,3,6,1,-
7762,X,-,3,/,7,/,3,4,7,0,6,0,3,4,0,6,9,0,6,2,-
7763,6,2,0,8,5,1,3,3,7,0,9,/,X,-,X,-,3,1,3,/,0
7764,8,/,9,0,4,3,4,/,9,/,2,7,8,/,1,2,7,1,8,0,-
7765,5,/,X,-,1,/,7,2,2,4,X,-,7,2,0,1,5,/,2,7,-
7766,X,-,X,-,1,4,1,0,9,/,0,1,9,/,5,1,6,2,6,/,2
7767,X,-,X,-,3,3,9,/,2,7,4,0,8,1,X,-,3,1,7,/,2
7768,2,2,6,0,4,4,X,-,5,0,2,3,3,/,7,2,2,2,0,7,-
7769,3,1,7,2,6,/,X,-,2,4,8,/,3,6,5,1,9,/,7,2,-
7770,4,3,2,4,2,1,9,/,2,/,X,-,5,/,2,2,1,6,6,3,-
7771,6,1,3,3,3,0,5,3,0,/,8,1,3,4,4,2,3,1,1,/,4
7772,7,/,4,4,9,0,X,-,1,8,1,0,9,/,0,0,6,2,X,0,3
7773,1,6,8,0,X,-,4,/,2,5,0,/,1,6,9,0,3,2,0,8,-
7774,X,-,3,3,2,/,X,-,7,/,8,1,2,1,3,5,6,1,8,1,-
7775,X,-,8,/,7,/,9,/,4,0,3,4,8,1,X,-,9,0,X,0,6
7776,1,7,4,4,2,0,5,0,4,2,6,3,9,0,0,/,6,0,9,/,1
7777,8,/,6,2,5,1,6,3,X,-,1,/,9,/,6,/,2,/,4,/,5
7778,6,1,4,5,X,-,3,5,6,2,0,/,X,-,4,5,9,0,9,/,9
7779,3,3,4,1,0,6,1,7,2,0,8,/,5,1,3,4,X,-,5,/,3
7780,4,3,8,1,9,0,3,0,3,0,2,3,0,7,1,1,8,/,2,3,-
7781,0,/,4,/,2,3,4,1,7,1,8,/,5,1,1,6,1,/,X,8,2
7782,2,4,6,3,X,-,6,3,X,-,8,0,1,6,4,4,0,0,6,2,-
7783,1,3,7,0,8,0,9,0,2,1,6,/,0,9,7,1,9,0,8,1,-
7784,8,/,6,3,9,/,5,3,7,2,8,1,5,/,X,-,0,3,5,/,0
7785,6,3,5,2,3,/,6,2,X,-,0,0,4,5,0,3,6,1,3,1,-
7786,3,4,X,-,0,4,6,3,4,4,6,/,0,0,0,0,8,/,8,0,-
7787,0,0,0,7,3,/,5,3,8,1,7,0,0,1,9,0,9,/,3,4,-
7788,9,/,8,/,8,0,6,0,9,0,X,-,4,/,2,7,1,6,X,9,1
7789,0,0,7,1,4,1,6,2,7,1,X,-,8,/,1,1,X,-,3,6,-
7790,5,4,8,1,6,3,0,3,9,0,3,2,9,0,2,4,8,0,3,5,-
7791,6,1,1,4,1,2,X,-,1,/,3,6,1,3,7,2,6,2,2,0,-
7792,X,-,0,9,0,5,6,2,X,-,3,5,7,/,6,1,0,0,5,4,-
7793,7,1,0,7,5,1,8,0,1,8,6,0,8,0,2,0,8,0,X,8,1
7794,6,2,9,/,6,0,5,3,4,3,1,5,6,2,3,/,3,2,6,3,-
7795,4,3,9,0,9,/,3,3,2,6,6,1,1,0,5,4,X,-,7,1,-
7796,0,1,6,2,X,-,6,3,1,5,5,3,8,0,0,3,5,3,0,2,-
7797,5,/,5,3,7,/,7,2,1,3,7,/,X,-,1,5,8,/,4,2,-
7798,7,/,8,1,0,9,6,3,4,5,6,3,6,/,0,7,7,0,0,5,-
7799,8,0,1,6,0,/,2,6,8,0,2,4,9,0,4,2,2,7,6,/,2
7800,X,-,0,5,2,0,8,0,3,0,0,3,3,2,3,6,0,9,1,/,2
7801,7,0,X,-,2,6,6,1,2,5,X,-,0,6,4,5,8,0,0,7,-
7802,7,1,5,3,0,6,3,4,6,/,8,/,7,0,9,/,6,1,8,1,-
7803,1,/,6,0,2,2,9,/,5,4,2,7,2,7,3,4,4,0,X,5,0
7804,4,2,2,4,0,6,2,5,3,6,6,1,1,0,7,0,5,/,4,3,-
7805,0,/,6,2,1,0,0,8,X,-,X,-,1,4,8,/,0,5,9,0,-
7806,X,-,6,/,4,2,8,0,8,0,0,0,5,2,7,/,7,0,2,6,-
7807,4,2,8,1,0,5,8,/,1,0,0,8,3,0,3,/,7,2,0,0,-
7808,X,-,X,-,7,/,8,0,7,0,3,3,5,4,9,0,7,1,5,3,-
7809,X,-,1,0,7,/,9,0,5,/,7,/,9,0,4,2,5,/,X,6,2
7810,8,0,4,5,X,-,7,0,2,5,6,0,4,0,X,-,0,9,8,0,-
7811,9,0,8,/,9,0,2,0,0,1,1,4,8,0,4,5,5,4,5,4,-
7812,X,-,3,1,4,3,0,5,6,2,1,3,2,3,0,/,0,0,3,/,8
7813,9,0,6,3,9,/,4,/,X,-,3,1,5,/,8,/,2,3,2,6,-
7814,1,8,4,5,5,4,9,0,5,2,5,2,3,1,0,5,0,5,X,2,4
7815,6,0,4,0,2,6,9,0,8,/,X,-,2,4,7,2,8,0,5,1,-
7816,6,/,6,2,5,1,5,/,0,2,7,1,5,1,0,9,7,2,1,6,-
7817,1,6,2,3,3,6,2,1,6,3,4,1,3,3,8,/,1,1,X,5,2
7818,7,1,1,7,0,6,X,-,9,/,X,-,9,0,4,0,5,2,3,2,-
7819,7,/,5,0,2,/,5,0,9,0,7,2,5,0,9,/,0,4,3,/,4
7820,3,6,4,4,X,-,1,2,2,1,1,3,7,0,X,-,0,4,X,0,9
7821,5,1,5,4,0,7,6,1,0,0,8,/,5,3,1,8,1,/,7,/,2
7822,5,1,7,1,8,0,3,4,4,5,4,3,1,8,9,0,7,/,3,5,-
7823,0,0,9,0,8,1,X,-,6,1,7,2,0,7,6,3,9,0,0,4,-
7824,2,7,5,0,1,5,1,4,0,2,1,6,2,2,6,0,0,4,2,1,-
7825,6,0,3,1,0,3,0,7,9,0,3,5,6,2,8,/,5,2,8,1,-
7826,2,1,9,/,0,7,4,3,5,3,X,-,0,7,4,2,8,0,8,0,-
7827,3,5,2,2,1,1,5,2,0,6,0,2,X,-,2,/,8,1,9,/,4
7828,9,/,7,1,9,0,3,/,4,4,7,1,9,0,3,1,4,4,2,5,-
7829,5,2,2,7,5,/,1,1,0,3,4,0,4,0,1,1,7,0,5,2,-
7830,5,0,2,/,5,/,5,3,1,1,8,1,9,/,6,/,9,0,8,0,-
7831,6,1,3,1,4,/,2,4,X,-,X,-,5,1,3,3,8,0,6,2,-
7832,6,/,9,0,3,6,8,1,6,0,7,/,X,-,1,3,4,2,4,0,-
7833,4,5,0,4,6,0,7,0,X,-,0,0,7,/,8,0,5,2,7,2,-
7834,3,3,2,2,7,1,5,/,6,2,X,-,9,0,7,/,7,2,5,3,-
7835,9,/,9,0,9,0,1,7,9,0,0,3,8,/,7,2,2,4,4,5,-
7836,7,0,6,1,8,/,0,4,9,/,2,5,X,-,2,7,7,/,6,0,-
7837,X,-,9,0,4,4,5,3,0,4,2,4,1,/,7,0,8,0,0,2,-
7838,6,2,9,/,5,0,4,4,9,/,5,2,1,2,1,4,9,/,3,0,-
7839,7,0,4,3,2,7,2,1,2,2,1,7,4,5,9,/,2,6,8,1,-
7840,9,/,7,1,0,2,2,7,5,3,9,/,4,0,3,0,9,0,6,3,-
7841,1,6,6,0,0,2,3,5,3,/,5,3,9,/,5,0,2,4,2,4,-
7842,7,/,3,5,8,/,2,7,5,1,8,1,1,7,6,/,8,1,9,0,-
7843,7,/,X,-,0,1,2,4,4,4,1,2,0,9,X,-,6,2,8,/,8
7844,3,/,2,1,5,2,6,2,8,0,X,-,2,3,9,/,0,4,1,4,-
7845,2,2,9,/,X,-,7,1,1,4,7,1,5,0,1,8,7,2,3,1,-
7846,4,5,4,0,2,1,9,/,2,4,0,2,X,-,5,0,8,1,2,/,9
7847,8,/,6,1,4,/,9,/,9,0,5,3,1,8,X,-,6,3,6,3,-
7848,3,4,5,1,2,1,7,/,7,1,6,2,7,/,8,/,1,7,8,/,7
7849,X,-,3,5,4,/,9,/,2,2,9,0,2,3,7,2,1,3,X,0,/
7850,1,5,4,1,8,1,4,1,9,0,1,8,3,2,X,-,3,/,0,5,-
7851,4,1,3,4,5,2,X,-,1,8,1,1,7,2,6,/,X,-,9,0,-
7852,2,/,6,2,3,1,1,/,4,2,1,3,4,0,9,0,X,-,4,3,-
7853,4,0,8,/,6,/,X,-,2,0,4,0,7,1,3,1,0,6,4,0,-
7854,0,6,2,7,3,2,5,4,2,3,X,-,X,-,8,1,3,6,8,/,0
7855,5,0,4,/,5,0,6,2,0,3,6,2,5,4,1,6,0,5,5,2,-
7856,5,4,0,3,6,3,6,1,0,2,9,/,7,0,4,/,1,3,1,/,1
7857,5,4,5,2,2,/,X,-,X,-,2,3,8,/,3,6,2,1,7,2,-
7858,5,1,6,2,3,/,3,4,4,3,1,8,8,0,6,3,X,-,8,0,-
7859,2,3,X,-,4,5,6,2,2,4,5,0,9,0,9,0,X,-,8,0,-
7860,4,4,X,-,3,5,8,/,0,8,8,/,2,2,3,5,7,/,X,2,0
7861,5,4,0,5,3,0,3,/,9,/,4,5,5,/,8,0,3,1,8,/,3
7862,5,/,9,0,0,6,6,/,5,4,9,/,2,6,0,4,5,1,2,/,2
7863,2,4,1,6,X,-,0,9,0,2,7,2,1,/,X,-,1,5,8,1,-
7864,1,4,7,/,7,/,2,7,9,/,3,0,3,0,5,0,5,1,2,3,-
7865,7,/,5,4,9,0,1,6,7,2,7,/,5,1,3,1,3,6,5,3,-
7866,X,-,1,1,1,7,2,0,0,2,3,/,7,/,3,5,3,/,3,4,-
7867,5,0,8,0,4,5,2,1,3,6,6,3,4,/,X,-,5,2,0,6,-
7868,8,0,X,-,7,2,6,2,3,/,1,8,6,0,2,3,9,/,6,1,-
7869,X,-,4,/,1,2,7,2,5,0,0,2,4,3,1,6,3,6,3,2,-
7870,9,/,5,2,5,1,2,2,8,1,9,0,3,2,1,1,6,2,2,6,-
7871,3,2,3,2,9,0,0,/,6,1,4,4,1,/,3,/,4,5,7,1,-
7872,0,3,2,/,3,/,8,0,0,7,7,1,0,6,3,2,2,/,2,3,-
7873,6,/,4,3,7,2,4,5,6,0,X,-,7,0,6,1,6,0,7,1,-
7874,5,/,1,/,6,0,9,0,4,3,X,-,1,6,9,/,0,/,4,4,-
7875,9,0,2,2,2,/,7,0,7,0,7,0,0,/,3,3,2,6,8,0,-
7876,8,/,7,2,5,2,2,5,1,2,X,-,8,1,1,0,1,0,9,0,-
7877,1,1,X,-,6,0,0,5,5,4,9,/,6,/,4,/,4,1,X,3,1
7878,7,/,8,/,6,2,8,/,2,6,7,2,2,0,9,0,6,1,1,0,-
7879,7,1,2,3,2,4,7,0,8,0,9,/,X,-,6,/,3,4,7,2,-
7880,2,4,5,3,1,5,0,7,2,2,5,3,2,3,6,1,3,6,X,9,0
7881,0,4,X,-,8,1,7,0,1,4,5,2,7,/,5,4,1,7,3,0,-
7882,8,0,5,1,7,0,5,3,5,2,5,1,X,-,9,0,4,3,8,0,-
7883,1,4,0,5,4,2,5,4,9,0,9,/,8,1,3,6,8,/,X,9,0
7884,4,0,2,4,7,1,4,3,7,2,4,1,0,3,3,6,9,0,4,2,-
7885,X,-,2,7,0,7,9,0,3,3,3,6,3,5,7,/,6,0,1,6,-
7886,5,2,9,/,X,-,5,/,9,0,9,0,9,/,2,7,X,-,0,3,-
7887,8,/,7,1,7,0,8,0,5,0,8,/,9,0,4,2,0,9,5,4,-
7888,2,3,X,-,5,4,9,0,6,1,5,3,1,5,7,1,2,1,8,0,-
7889,7,/,8,1,X,-,0,5,9,0,9,0,4,/,X,-,4,4,4,5,-
7890,8,1,7,2,2,7,0,1,1,6,X,-,1,1,5,2,9,/,X,6,0
7891,0,5,0,/,4,1,0,1,8,0,9,/,4,/,2,7,2,3,5,0,-
7892,6,2,9,0,8,1,5,2,6,3,X,-,7,1,7,0,3,3,1,3,-
7893,X,-,6,3,6,1,7,/,0,3,0,4,9,0,1,3,6,1,5,2,-
7894,8,0,0,5,7,/,8,0,8,0,1,4,0,2,7,0,5,3,6,0,-
7895,9,0,6,3,5,1,0,0,9,/,3,5,X,-,5,1,8,/,2,/,2
7896,8,1,7,/,6,3,3,6,1,5,5,0,6,1,0,/,9,/,5,0,-
7897,9,/,2,7,4,0,5,2,5,/,2,5,6,/,1,6,4,0,2,0,-
7898,6,2,X,-,4,3,8,0,9,0,7,0,2,1,3,6,8,0,4,0,-
7899,X,-,3,6,X,-,2,3,1,3,8,/,3,2,5,3,7,1,X,2,3
7900,5,/,5,0,1,3,X,-,7,0,2,2,2,0,5,3,9,0,5,/,5
7901,X,-,8,/,6,1,5,3,7,0,X,-,9,/,1,1,4,/,2,1,-
7902,6,/,2,7,2,2,3,2,9,/,9,0,9,/,9,0,1,8,3,5,-
7903,3,6,7,0,3,6,9,0,9,0,7,2,4,5,6,3,7,0,6,/,9
7904,5,/,2,3,6,0,1,1,6,/,5,2,7,1,2,6,X,-,1,6,-
7905,6,3,0,9,7,/,X,-,5,0,1,7,2,7,X,-,9,/,7,0,-
7906,0,4,5,/,6,1,5,1,7,1,6,1,9,/,2,/,8,0,1,/,7
7907,6,3,3,6,2,7,2,6,7,1,1,0,6,0,4,0,0,3,2,2,-
7908,5,2,4,0,4,0,5,2,3,2,8,/,4,5,2,7,1,1,5,2,-
7909,0,5,X,-,1,4,8,0,6,/,7,1,5,4,X,-,6,3,8,/,1
7910,X,-,5,/,4,4,8,/,3,/,9,0,4,4,1,2,4,/,1,3,-
7911,8,0,6,/,6,0,7,1,0,0,7,0,3,6,4,/,2,7,3,2,-
7912,0,/,4,3,4,5,3,5,X,-,2,2,4,1,8,0,1,1,X,0,1
7913,4,2,9,0,0,5,4,4,X,-,X,-,4,1,X,-,0,3,0,/,9
7914,5,3,8,/,1,6,5,2,4,0,3,0,2,2,0,/,7,0,1,6,-
7915,0,0,X,-,7,2,5,2,6,1,8,0,9,0,5,0,X,-,2,1,-
7916,X,-,8,/,6,/,6,3,5,3,1,5,7,0,9,0,2,5,0,9,-
7917,9,/,1,3,X,-,7,2,9,/,7,/,2,5,5,2,7,1,4,4,-
7918,8,0,4,5,5,3,4,0,5,1,7,2,6,2,4,/,4,5,0,3,-
7919,5,4,0,5,3,5,7,1,0,9,9,/,5,1,X,-,7,0,3,1,-
7920,3,/,5,1,4,3,3,6,5,4,6,0,2,5,5,/,0,2,9,/,4
7921,2,7,7,0,3,/,3,3,5,2,0,0,6,/,4,5,2,5,3,5,-
7922,1,7,2,1,2,/,3,1,8,1,1,6,4,0,1,0,2,3,5,/,8
7923,X,-,4,1,0,3,5,0,1,1,8,1,8,1,3,5,8,/,2,5,-
7924,6,0,1,6,8,0,3,1,3,0,1,2,5,4,6,1,3,5,9,/,5
7925,0,9,7,0,7,2,1,6,9,/,9,0,5,3,5,2,1,/,2,4,-
7926,2,/,3,5,9,0,0,7,5,/,7,0,6,/,7,2,5,1,3,5,-
7927,X,-,3,6,1,2,3,/,8,/,3,2,8,/,8,1,6,2,2,6,-
7928,6,3,6,/,5,1,8,1,0,5,4,1,7,0,9,/,1,4,9,0,-
7929,9,/,7,1,X,-,8,/,1,0,3,1,1,6,7,1,3,0,2,4,-
7930,0,1,2,5,8,0,8,1,8,0,6,3,2,3,0,4,4,4,3,1,-
7931,8,/,3,/,0,5,1,1,3,3,5,2,7,1,4,5,8,1,8,/,4
7932,X,-,9,0,4,4,4,4,9,0,3,/,1,4,1,/,7,1,9,0,-
7933,7,1,0,6,X,-,1,6,7,0,2,1,2,2,X,-,3,1,6,/,9
7934,7,0,9,0,X,-,5,/,9,0,8,0,6,1,8,/,X,-,X,2,5
7935,7,1,8,/,9,0,5,0,X,-,0,0,1,4,5,0,X,-,2,0,-
7936,0,1,X,-,4,1,3,3,X,-,3,0,7,/,3,2,0,6,1,4,-
7937,9,/,6,2,8,/,0,2,0,9,4,5,7,/,9,/,1,4,2,4,-
7938,6,0,4,1,0,3,X,-,4,0,8,0,4,/,X,-,5,3,1,7,-
7939,2,1,6,/,X,-,7,0,7,2,6,2,5,2,8,/,7,0,4,/,6
7940,4,/,9,/,8,/,X,-,2,1,0,3,5,2,6,1,7,0,X,2,7
7941,1,5,0,1,2,2,X,-,8,0,5,/,0,9,3,6,0,9,5,1,-
7942,7,1,X,-,5,3,5,2,4,0,6,1,3,1,6,2,0,8,1,4,-
7943,7,/,4,2,5,1,4,0,4,5,1,0,X,-,3,4,5,/,5,4,-
7944,5,1,7,/,2,4,3,2,1,1,X,-,9,0,7,/,9,0,9,/,X
7945,2,7,2,0,6,2,2,6,1,8,2,/,9,0,4,4,8,0,9,/,7
7946,7,1,1,3,5,/,8,0,1,/,8,0,8,/,3,2,3,3,2,0,-
7947,0,9,8,/,3,1,7,2,8,1,9,/,7,2,4,4,2,7,2,1,-
7948,1,0,X,-,7,/,2,2,4,/,5,3,3,4,5,/,8,1,8,/,7
7949,5,1,2,/,2,/,2,2,7,2,X,-,6,2,3,4,0,8,2,7,-
7950,4,3,1,0,3,5,0,8,5,2,5,1,8,/,7,/,4,0,6,3,-
7951,8,/,7,1,6,/,3,/,8,/,7,2,3,5,2,5,9,0,6,1,-
7952,3,6,2,4,X,-,9,/,0,0,7,0,2,/,6,2,6,1,2,1,-
7953,4,0,4,4,7,/,3,1,9,/,3,2,7,1,6,0,8,/,8,/,6
7954,X,-,0,1,1,6,3,2,1,4,9,/,9,0,9,/,2,0,6,1,-
7955,8,0,5,2,6,3,5,2,5,2,8,0,8,0,9,0,7,2,9,0,-
7956,8,1,8,/,6,/,2,6,1,3,6,1,9,0,3,2,4,4,1,8,-
7957,0,3,8,0,9,/,8,1,X,-,7,/,8,0,7,2,5,0,6,2,-
7958,3,4,5,0,5,3,X,-,0,8,8,1,7,0,X,-,X,-,8,/,X
7959,5,4,9,/,7,0,1,7,X,-,1,4,8,/,X,-,X,-,7,0,-
7960,7,2,8,0,9,0,5,/,3,0,6,2,X,-,2,0,X,-,2,1,-
7961,9,0,6,/,6,/,X,-,2,6,X,-,0,3,5,2,2,/,8,0,-
7962,X,-,X,-,X,-,6,1,4,5,6,3,1,/,0,7,1,4,0,3,-
7963,4,2,7,1,5,2,0,/,5,0,8,0,5,4,5,1,2,5,9,0,-
7964,5,4,9,0,4,1,9,/,4,/,X,-,4,3,3,4,9,/,0,1,-
7965,9,/,4,0,5,1,3,/,7,2,6,3,5,/,3,3,5,1,2,2,-
7966,5,/,0,9,X,-,2,4,3,1,1,6,0,1,X,-,2,6,3,0,-
7967,4,3,0,1,4,2,7,0,2,3,1,0,6,0,X,-,0,2,7,0,-
7968,0,/,5,0,X,-,0,3,0,2,1,8,3,4,0,9,8,0,4,3,-
7969,2,2,1,1,1,2,2,5,3,1,9,/,2,4,4,1,6,1,2,0,-
7970,1,7,8,1,7,0,9,0,3,1,0,7,5,1,4,2,7,1,8,1,-
7971,6,0,9,/,1,0,1,4,2,0,0,/,1,5,3,2,9,/,X,4,4
7972,6,0,1,4,9,/,8,/,7,2,2,4,X,-,0,2,7,0,7,0,-
7973,4,0,4,3,5,1,5,/,6,0,X,-,9,/,1,2,6,1,6,1,-
7974,7,0,1,3,0,3,5,4,9,/,9,/,4,4,6,/,7,2,2,0,-
7975,3,2,5,1,1,/,X,-,5,2,2,1,5,0,9,0,5,/,7,0,-
7976,4,0,6,1,2,7,6,2,1,2,1,6,9,0,8,0,9,0,1,5,-
7977,5,4,0,5,4,5,4,5,2,4,1,3,4,1,3,0,7,1,9,/,6
7978,8,/,9,0,9,0,3,4,0,9,2,0,4,2,3,0,5,1,4,5,-
7979,1,5,8,1,5,4,6,2,2,1,6,3,1,3,4,3,X,-,0,7,-
7980,X,-,6,/,3,1,9,/,4,4,5,/,9,0,7,/,4,0,5,0,-
7981,9,0,3,6,5,1,1,5,2,4,4,1,5,4,8,0,4,0,X,4,2
7982,8,1,2,4,5,3,3,0,5,3,2,6,4,/,5,4,5,4,X,5,1
7983,2,6,X,-,4,/,9,0,4,3,0,8,7,0,8,1,3,4,5,3,-
7984,5,3,9,0,7,1,4,2,7,/,5,2,8,/,7,1,5,4,0,4,-
7985,X,-,8,/,6,3,5,/,6,/,3,1,X,-,8,1,6,2,2,7,-
7986,0,9,9,0,3,4,0,/,X,-,8,0,6,/,1,6,4,2,4,5,-
7987,X,-,2,7,3,4,2,/,0,8,2,1,7,0,7,2,4,5,7,1,-
7988,6,2,9,0,5,1,7,/,7,/,9,0,0,5,1,8,4,5,8,0,-
7989,6,0,8,0,4,5,4,1,5,3,7,2,9,0,9,/,7,1,2,6,-
7990,0,1,1,8,8,1,0,6,6,2,1,1,8,0,9,/,0,2,0,2,-
7991,9,/,7,1,2,1,3,3,5,1,3,4,1,/,7,0,9,/,3,2,-
7992,2,0,X,-,5,1,4,3,4,5,2,1,7,2,0,/,7,2,6,2,-
7993,X,-,1,8,5,/,0,9,9,/,6,/,4,3,3,0,6,2,X,X,8
7994,X,-,3,3,3,5,X,-,0,5,4,2,4,/,X,-,3,0,1,0,-
7995,8,0,9,0,8,/,9,/,3,5,4,5,1,/,2,0,0,9,2,4,-
7996,0,4,0,7,8,1,3,0,7,1,4,3,8,0,5,0,4,3,1,3,-
7997,7,0,7,1,X,-,8,/,1,/,4,3,1,2,2,1,7,0,5,/,0
7998,9,/,4,/,5,/,5,2,X,-,3,0,2,/,1,6,6,3,4,3,-
7999,X,-,X,-,X,-,X,-,X,-,X,-,X,-,X,-,X,-,X,X,X
